dataset,quantile,quantile_probability,score_min,score_max,margin,conditional_cdf,mean_margin,failure_probability
e0,1,0.24426056356991038,-0.79466585779395049,-0.52694387817330068,-5,9.0785849609511412e-06,3.8103303380937992,0.014909008936542933
e0,1,0.24426056356991038,-0.79466585779395049,-0.52694387817330068,-4,2.9397322730698936e-05,3.8103303380937992,0.014909008936542933
e0,1,0.24426056356991038,-0.79466585779395049,-0.52694387817330068,-3,0.00060310444914699534,3.8103303380937992,0.014909008936542933
e0,1,0.24426056356991038,-0.79466585779395049,-0.52694387817330068,-2,0.00075719721710028212,3.8103303380937992,0.014909008936542933
e0,1,0.24426056356991038,-0.79466585779395049,-0.52694387817330068,-1,0.014909008936542933,3.8103303380937992,0.014909008936542933
e0,1,0.24426056356991038,-0.79466585779395049,-0.52694387817330068,1,0.02321783256727819,3.8103303380937992,0.014909008936542933
e0,1,0.24426056356991038,-0.79466585779395049,-0.52694387817330068,2,0.056727430050110814,3.8103303380937992,0.014909008936542933
e0,1,0.24426056356991038,-0.79466585779395049,-0.52694387817330068,3,0.079386605407113342,3.8103303380937992,0.014909008936542933
e0,1,0.24426056356991038,-0.79466585779395049,-0.52694387817330068,4,0.99912099843467361,3.8103303380937992,0.014909008936542933
e0,1,0.24426056356991038,-0.79466585779395049,-0.52694387817330068,5,1,3.8103303380937992,0.014909008936542933
e0,2,0.17078725689422714,-0.51027394914110902,-0.25922189855265093,-5,1.5959777342170746e-05,3.8264892037323155,0.042063674178788306
e0,2,0.17078725689422714,-0.51027394914110902,-0.25922189855265093,-4,0.00016728783562774133,3.8264892037323155,0.042063674178788306
e0,2,0.17078725689422714,-0.51027394914110902,-0.25922189855265093,-3,0.0021073861926826625,3.8264892037323155,0.042063674178788306
e0,2,0.17078725689422714,-0.51027394914110902,-0.25922189855265093,-2,0.0032543261237132381,3.8264892037323155,0.042063674178788306
e0,2,0.17078725689422714,-0.51027394914110902,-0.25922189855265093,-1,0.042063674178788306,3.8264892037323155,0.042063674178788306
e0,2,0.17078725689422714,-0.51027394914110902,-0.25922189855265093,1,0.066666308569967622,3.8264892037323155,0.042063674178788306
e0,2,0.17078725689422714,-0.51027394914110902,-0.25922189855265093,2,0.18611743598332361,3.8264892037323155,0.042063674178788306
e0,2,0.17078725689422714,-0.51027394914110902,-0.25922189855265093,3,0.28333659355903573,3.8264892037323155,0.042063674178788306
e0,2,0.17078725689422714,-0.51027394914110902,-0.25922189855265093,4,0.54771814986841494,3.8264892037323155,0.042063674178788306
e0,2,0.17078725689422714,-0.51027394914110902,-0.25922189855265093,5,1,3.8264892037323155,0.042063674178788306
e0,3,0.18283979290496932,-0.25916823155179758,-0.059735607161694793,-5,1.8770025496552903e-06,2.8785895192148208,0.073397730162474417
e0,3,0.18283979290496932,-0.25916823155179758,-0.059735607161694793,-4,0.00010973245674907851,2.8785895192148208,0.073397730162474417
e0,3,0.18283979290496932,-0.25916823155179758,-0.059735607161694793,-3,0.002752876912489629,2.8785895192148208,0.073397730162474417
e0,3,0.18283979290496932,-0.25916823155179758,-0.059735607161694793,-2,0.0063356055291441645,2.8785895192148208,0.073397730162474417
e0,3,0.18283979290496932,-0.25916823155179758,-0.059735607161694793,-1,0.073397730162474417,2.8785895192148208,0.073397730162474417
e0,3,0.18283979290496932,-0.25916823155179758,-0.059735607161694793,1,0.12076915954864587,2.8785895192148208,0.073397730162474417
e0,3,0.18283979290496932,-0.25916823155179758,-0.059735607161694793,2,0.38583924303374867,2.8785895192148208,0.073397730162474417
e0,3,0.18283979290496932,-0.25916823155179758,-0.059735607161694793,3,0.54662281218658348,2.8785895192148208,0.073397730162474417
e0,3,0.18283979290496932,-0.25916823155179758,-0.059735607161694793,4,0.91218371379031971,2.8785895192148208,0.073397730162474417
e0,3,0.18283979290496932,-0.25916823155179758,-0.059735607161694793,5,1,2.8785895192148208,0.073397730162474417
e0,4,0.19957854591026439,-0.047040172004896408,0.21190222670281367,-5,4.6957690591676165e-06,2.6759476227305381,0.11460487352045245
e0,4,0.19957854591026439,-0.047040172004896408,0.21190222670281367,-4,0.00027070116562215567,2.6759476227305381,0.11460487352045245
e0,4,0.19957854591026439,-0.047040172004896408,0.21190222670281367,-3,0.0039126668965609379,2.6759476227305381,0.11460487352045245
e0,4,0.19957854591026439,-0.047040172004896408,0.21190222670281367,-2,0.0059624031596837938,2.6759476227305381,0.11460487352045245
e0,4,0.19957854591026439,-0.047040172004896408,0.21190222670281367,-1,0.11460487352045245,2.6759476227305381,0.11460487352045245
e0,4,0.19957854591026439,-0.047040172004896408,0.21190222670281367,1,0.16460102431257578,2.6759476227305381,0.11460487352045245
e0,4,0.19957854591026439,-0.047040172004896408,0.21190222670281367,2,0.42787520286053021,2.6759476227305381,0.11460487352045245
e0,4,0.19957854591026439,-0.047040172004896408,0.21190222670281367,3,0.63234548902598775,2.6759476227305381,0.11460487352045245
e0,4,0.19957854591026439,-0.047040172004896408,0.21190222670281367,4,0.85987044703853721,2.6759476227305381,0.11460487352045245
e0,4,0.19957854591026439,-0.047040172004896408,0.21190222670281367,5,1,2.6759476227305381,0.11460487352045245
e0,5,0.20253384072062877,0.21376799186532983,0.94046434003944224,-5,8.374671188250486e-06,2.1835466582585403,0.16914450485359445
e0,5,0.20253384072062877,0.21376799186532983,0.94046434003944224,-4,0.00024077994322950524,2.1835466582585403,0.16914450485359445
e0,5,0.20253384072062877,0.21376799186532983,0.94046434003944224,-3,0.004216565477611082,2.1835466582585403,0.16914450485359445
e0,5,0.20253384072062877,0.21376799186532983,0.94046434003944224,-2,0.0059825457514478403,2.1835466582585403,0.16914450485359445
e0,5,0.20253384072062877,0.21376799186532983,0.94046434003944224,-1,0.16914450485359445,2.1835466582585403,0.16914450485359445
e0,5,0.20253384072062877,0.21376799186532983,0.94046434003944224,1,0.22800729880292384,2.1835466582585403,0.16914450485359445
e0,5,0.20253384072062877,0.21376799186532983,0.94046434003944224,2,0.52376135354498854,2.1835466582585403,0.16914450485359445
e0,5,0.20253384072062877,0.21376799186532983,0.94046434003944224,3,0.7662604831657378,2.1835466582585403,0.16914450485359445
e0,5,0.20253384072062877,0.21376799186532983,0.94046434003944224,4,0.94968693067714394,2.1835466582585403,0.16914450485359445
e0,5,0.20253384072062877,0.21376799186532983,0.94046434003944224,5,1,2.1835466582585403,0.16914450485359445
e1a,1,0.24440363833778783,-0.79466585779395049,-0.52694387817330068,-5,8.6471940503846053e-07,4.6230747995256145,0.010025967523733305
e1a,1,0.24440363833778783,-0.79466585779395049,-0.52694387817330068,-4,1.599730899321152e-05,4.6230747995256145,0.010025967523733305
e1a,1,0.24440363833778783,-0.79466585779395049,-0.52694387817330068,-3,0.0002621396876374093,4.6230747995256145,0.010025967523733305
e1a,1,0.24440363833778783,-0.79466585779395049,-0.52694387817330068,-2,0.0004899067789245398,4.6230747995256145,0.010025967523733305
e1a,1,0.24440363833778783,-0.79466585779395049,-0.52694387817330068,-1,0.010025967523733305,4.6230747995256145,0.010025967523733305
e1a,1,0.24440363833778783,-0.79466585779395049,-0.52694387817330068,1,0.036910245152274923,4.6230747995256145,0.010025967523733305
e1a,1,0.24440363833778783,-0.79466585779395049,-0.52694387817330068,2,0.063727550262896324,4.6230747995256145,0.010025967523733305
e1a,1,0.24440363833778783,-0.79466585779395049,-0.52694387817330068,3,0.12418388863451726,4.6230747995256145,0.010025967523733305
e1a,1,0.24440363833778783,-0.79466585779395049,-0.52694387817330068,4,0.13128267288226975,4.6230747995256145,0.010025967523733305
e1a,1,0.24440363833778783,-0.79466585779395049,-0.52694387817330068,5,1,4.6230747995256145,0.010025967523733305
e1a,2,0.14256746815182164,-0.51027394914110902,-0.2758381605839893,-5,2.2235847855658218e-06,3.2248578249153046,0.055864306479655776
e1a,2,0.14256746815182164,-0.51027394914110902,-0.2758381605839893,-4,5.9295594281755243e-05,3.2248578249153046,0.055864306479655776
e1a,2,0.14256746815182164,-0.51027394914110902,-0.2758381605839893,-3,0.00146056166639891,3.2248578249153046,0.055864306479655776
e1a,2,0.14256746815182164,-0.51027394914110902,-0.2758381605839893,-2,0.0020668591179298576,3.2248578249153046,0.055864306479655776
e1a,2,0.14256746815182164,-0.51027394914110902,-0.2758381605839893,-1,0.055864306479655776,3.2248578249153046,0.055864306479655776
e1a,2,0.14256746815182164,-0.51027394914110902,-0.2758381605839893,1,0.14667706563151384,3.2248578249153046,0.055864306479655776
e1a,2,0.14256746815182164,-0.51027394914110902,-0.2758381605839893,2,0.2884633194674292,3.2248578249153046,0.055864306479655776
e1a,2,0.14256746815182164,-0.51027394914110902,-0.2758381605839893,3,0.59243395628914086,3.2248578249153046,0.055864306479655776
e1a,2,0.14256746815182164,-0.51027394914110902,-0.2758381605839893,4,0.63225028077390388,3.2248578249153046,0.055864306479655776
e1a,2,0.14256746815182164,-0.51027394914110902,-0.2758381605839893,5,1,3.2248578249153046,0.055864306479655776
e1a,3,0.203377102880927,-0.25922189855265093,-0.18397321462872551,-5,1.9743966990581167e-06,4.0023335550459596,0.03058696397824932
e1a,3,0.203377102880927,-0.25922189855265093,-0.18397321462872551,-4,4.5618955309816485e-05,4.0023335550459596,0.03058696397824932
e1a,3,0.203377102880927,-0.25922189855265093,-0.18397321462872551,-3,0.00092383580283165372,4.0023335550459596,0.03058696397824932
e1a,3,0.203377102880927,-0.25922189855265093,-0.18397321462872551,-2,0.0016635591134761382,4.0023335550459596,0.03058696397824932
e1a,3,0.203377102880927,-0.25922189855265093,-0.18397321462872551,-1,0.03058696397824932,4.0023335550459596,0.03058696397824932
e1a,3,0.203377102880927,-0.25922189855265093,-0.18397321462872551,1,0.07535757818006919,4.0023335550459596,0.03058696397824932
e1a,3,0.203377102880927,-0.25922189855265093,-0.18397321462872551,2,0.14073951703814724,4.0023335550459596,0.03058696397824932
e1a,3,0.203377102880927,-0.25922189855265093,-0.18397321462872551,3,0.34510061642483469,4.0023335550459596,0.03058696397824932
e1a,3,0.203377102880927,-0.25922189855265093,-0.18397321462872551,4,0.37265981708617446,4.0023335550459596,0.03058696397824932
e1a,3,0.203377102880927,-0.25922189855265093,-0.18397321462872551,5,1,4.0023335550459596,0.03058696397824932
e1a,4,0.19965476672735241,-0.14622721130766383,-0.076351869193033162,-5,2.3287660937584517e-06,3.2307577762527888,0.05716361264871421
e1a,4,0.19965476672735241,-0.14622721130766383,-0.076351869193033162,-4,7.272101392782074e-05,3.2307577762527888,0.05716361264871421
e1a,4,0.19965476672735241,-0.14622721130766383,-0.076351869193033162,-3,0.0017341368423180834,3.2307577762527888,0.05716361264871421
e1a,4,0.19965476672735241,-0.14622721130766383,-0.076351869193033162,-2,0.0025193015014295978,3.2307577762527888,0.05716361264871421
e1a,4,0.19965476672735241,-0.14622721130766383,-0.076351869193033162,-1,0.05716361264871421,3.2307577762527888,0.05716361264871421
e1a,4,0.19965476672735241,-0.14622721130766383,-0.076351869193033162,1,0.11571056528362307,3.2307577762527888,0.05716361264871421
e1a,4,0.19965476672735241,-0.14622721130766383,-0.076351869193033162,2,0.24079745736849642,3.2307577762527888,0.05716361264871421
e1a,4,0.19965476672735241,-0.14622721130766383,-0.076351869193033162,3,0.62834364500374351,3.2307577762527888,0.05716361264871421
e1a,4,0.19965476672735241,-0.14622721130766383,-0.076351869193033162,4,0.66573484267015048,3.2307577762527888,0.05716361264871421
e1a,4,0.19965476672735241,-0.14622721130766383,-0.076351869193033162,5,1,3.2307577762527888,0.05716361264871421
e1a,5,0.20999702390211111,-0.07103219438459174,0.28778529950139831,-5,2.2140754310339406e-06,3.2003353569479573,0.055631437958964629
e1a,5,0.20999702390211111,-0.07103219438459174,0.28778529950139831,-4,7.3366408601079216e-05,3.2003353569479573,0.055631437958964629
e1a,5,0.20999702390211111,-0.07103219438459174,0.28778529950139831,-3,0.0016709224718843871,3.2003353569479573,0.055631437958964629
e1a,5,0.20999702390211111,-0.07103219438459174,0.28778529950139831,-2,0.0022135722320723418,3.2003353569479573,0.055631437958964629
e1a,5,0.20999702390211111,-0.07103219438459174,0.28778529950139831,-1,0.055631437958964629,3.2003353569479573,0.055631437958964629
e1a,5,0.20999702390211111,-0.07103219438459174,0.28778529950139831,1,0.10695292649194089,3.2003353569479573,0.055631437958964629
e1a,5,0.20999702390211111,-0.07103219438459174,0.28778529950139831,2,0.24206358371758865,3.2003353569479573,0.055631437958964629
e1a,5,0.20999702390211111,-0.07103219438459174,0.28778529950139831,3,0.65693301239303559,3.2003353569479573,0.055631437958964629
e1a,5,0.20999702390211111,-0.07103219438459174,0.28778529950139831,4,0.67849216934355938,3.2003353569479573,0.055631437958964629
e1a,5,0.20999702390211111,-0.07103219438459174,0.28778529950139831,5,1,3.2003353569479573,0.055631437958964629
n4q29d43,1,0.19987534315441735,-0.79466585779395049,-0.13849750642697517,-5,5.8709915164919564e-07,4.7863471540228915,0.0035406406370931372
n4q29d43,1,0.19987534315441735,-0.79466585779395049,-0.13849750642697517,-4,1.5200800802893386e-05,4.7863471540228915,0.0035406406370931372
n4q29d43,1,0.19987534315441735,-0.79466585779395049,-0.13849750642697517,-3,7.5809614786428314e-05,4.7863471540228915,0.0035406406370931372
n4q29d43,1,0.19987534315441735,-0.79466585779395049,-0.13849750642697517,-2,0.00065580911851000111,4.7863471540228915,0.0035406406370931372
n4q29d43,1,0.19987534315441735,-0.79466585779395049,-0.13849750642697517,-1,0.0035406406370931372,4.7863471540228915,0.0035406406370931372
n4q29d43,1,0.19987534315441735,-0.79466585779395049,-0.13849750642697517,1,0.016451923219218959,4.7863471540228915,0.0035406406370931372
n4q29d43,1,0.19987534315441735,-0.79466585779395049,-0.13849750642697517,2,0.057909371253317354,4.7863471540228915,0.0035406406370931372
n4q29d43,1,0.19987534315441735,-0.79466585779395049,-0.13849750642697517,3,0.15710307040644009,4.7863471540228915,0.0035406406370931372
n4q29d43,1,0.19987534315441735,-0.79466585779395049,-0.13849750642697517,4,0.45181049385208488,4.7863471540228915,0.0035406406370931372
n4q29d43,1,0.19987534315441735,-0.79466585779395049,-0.13849750642697517,5,0.67065389143746923,4.7863471540228915,0.0035406406370931372
n4q29d43,1,0.19987534315441735,-0.79466585779395049,-0.13849750642697517,6,0.85489147665333309,4.7863471540228915,0.0035406406370931372
n4q29d43,1,0.19987534315441735,-0.79466585779395049,-0.13849750642697517,7,0.99700393124780806,4.7863471540228915,0.0035406406370931372
n4q29d43,1,0.19987534315441735,-0.79466585779395049,-0.13849750642697517,8,1,4.7863471540228915,0.0035406406370931372
n4q29d43,2,0.19984018214745447,-0.13791908029199465,0.013404831992563794,-5,1.2046970881985247e-06,4.5265117056141655,0.005463224690692544
n4q29d43,2,0.19984018214745447,-0.13791908029199465,0.013404831992563794,-4,2.441113594410787e-05,4.5265117056141655,0.005463224690692544
n4q29d43,2,0.19984018214745447,-0.13791908029199465,0.013404831992563794,-3,0.00013689331859141003,4.5265117056141655,0.005463224690692544
n4q29d43,2,0.19984018214745447,-0.13791908029199465,0.013404831992563794,-2,0.001026180698778004,4.5265117056141655,0.005463224690692544
n4q29d43,2,0.19984018214745447,-0.13791908029199465,0.013404831992563794,-1,0.005463224690692544,4.5265117056141655,0.005463224690692544
n4q29d43,2,0.19984018214745447,-0.13791908029199465,0.013404831992563794,1,0.021336156675332573,4.5265117056141655,0.005463224690692544
n4q29d43,2,0.19984018214745447,-0.13791908029199465,0.013404831992563794,2,0.077819638092118462,4.5265117056141655,0.005463224690692544
n4q29d43,2,0.19984018214745447,-0.13791908029199465,0.013404831992563794,3,0.18748285270908502,4.5265117056141655,0.005463224690692544
n4q29d43,2,0.19984018214745447,-0.13791908029199465,0.013404831992563794,4,0.5116313786398492,4.5265117056141655,0.005463224690692544
n4q29d43,2,0.19984018214745447,-0.13791908029199465,0.013404831992563794,5,0.74007348961567876,4.5265117056141655,0.005463224690692544
n4q29d43,2,0.19984018214745447,-0.13791908029199465,0.013404831992563794,6,0.92716850064123046,4.5265117056141655,0.005463224690692544
n4q29d43,2,0.19984018214745447,-0.13791908029199465,0.013404831992563794,7,0.995861138780753,4.5265117056141655,0.005463224690692544
n4q29d43,2,0.19984018214745447,-0.13791908029199465,0.013404831992563794,8,1,4.5265117056141655,0.005463224690692544
n4q29d43,3,0.20020626290352084,0.013681885142353691,0.14315308449620873,-5,1.7200087398365665e-06,4.441925309093504,0.0060490061660049927
n4q29d43,3,0.20020626290352084,0.013681885142353691,0.14315308449620873,-4,2.7516360237382041e-05,4.441925309093504,0.0060490061660049927
n4q29d43,3,0.20020626290352084,0.013681885142353691,0.14315308449620873,-3,0.00015995136380479312,4.441925309093504,0.0060490061660049927
n4q29d43,3,0.20020626290352084,0.013681885142353691,0.14315308449620873,-2,0.0011399408802497653,4.441925309093504,0.0060490061660049927
n4q29d43,3,0.20020626290352084,0.013681885142353691,0.14315308449620873,-1,0.0060490061660049927,4.441925309093504,0.0060490061660049927
n4q29d43,3,0.20020626290352084,0.013681885142353691,0.14315308449620873,1,0.022929104778176387,4.441925309093504,0.0060490061660049927
n4q29d43,3,0.20020626290352084,0.013681885142353691,0.14315308449620873,2,0.08412175206708028,4.441925309093504,0.0060490061660049927
n4q29d43,3,0.20020626290352084,0.013681885142353691,0.14315308449620873,3,0.20140557704137904,4.441925309093504,0.0060490061660049927
n4q29d43,3,0.20020626290352084,0.013681885142353691,0.14315308449620873,4,0.52186819598815137,4.441925309093504,0.0060490061660049927
n4q29d43,3,0.20020626290352084,0.013681885142353691,0.14315308449620873,5,0.76479608986098613,4.441925309093504,0.0060490061660049927
n4q29d43,3,0.20020626290352084,0.013681885142353691,0.14315308449620873,6,0.95254824057829635,4.441925309093504,0.0060490061660049927
n4q29d43,3,0.20020626290352084,0.013681885142353691,0.14315308449620873,7,0.99697858964738462,4.441925309093504,0.0060490061660049927
n4q29d43,3,0.20020626290352084,0.013681885142353691,0.14315308449620873,8,1,4.441925309093504,0.0060490061660049927
n4q29d43,4,0.20007720979629084,0.14331422361571861,0.29057838161073052,-5,1.7743576306001598e-06,4.4151266138242677,0.0064890920523882735
n4q29d43,4,0.20007720979629084,0.14331422361571861,0.29057838161073052,-4,2.7179469959204678e-05,4.4151266138242677,0.0064890920523882735
n4q29d43,4,0.20007720979629084,0.14331422361571861,0.29057838161073052,-3,0.00018836076140779637,4.4151266138242677,0.0064890920523882735
n4q29d43,4,0.20007720979629084,0.14331422361571861,0.29057838161073052,-2,0.0012332173918871612,4.4151266138242677,0.0064890920523882735
n4q29d43,4,0.20007720979629084,0.14331422361571861,0.29057838161073052,-1,0.0064890920523882735,4.4151266138242677,0.0064890920523882735
n4q29d43,4,0.20007720979629084,0.14331422361571861,0.29057838161073052,1,0.023660272485631368,4.4151266138242677,0.0064890920523882735
n4q29d43,4,0.20007720979629084,0.14331422361571861,0.29057838161073052,2,0.086133442654166989,4.4151266138242677,0.0064890920523882735
n4q29d43,4,0.20007720979629084,0.14331422361571861,0.29057838161073052,3,0.20587415503174611,4.4151266138242677,0.0064890920523882735
n4q29d43,4,0.20007720979629084,0.14331422361571861,0.29057838161073052,4,0.51963306818921162,4.4151266138242677,0.0064890920523882735
n4q29d43,4,0.20007720979629084,0.14331422361571861,0.29057838161073052,5,0.77235006552995988,4.4151266138242677,0.0064890920523882735
n4q29d43,4,0.20007720979629084,0.14331422361571861,0.29057838161073052,6,0.96415019504619703,4.4151266138242677,0.0064890920523882735
n4q29d43,4,0.20007720979629084,0.14331422361571861,0.29057838161073052,7,0.99864347115315799,4.4151266138242677,0.0064890920523882735
n4q29d43,4,0.20007720979629084,0.14331422361571861,0.29057838161073052,8,1,4.4151266138242677,0.0064890920523882735
n4q29d43,5,0.2000010019983165,0.29058043203287603,0.94046434003944224,-5,1.2692116874782863e-06,4.403851673914037,0.0065049019826448904
n4q29d43,5,0.2000010019983165,0.29058043203287603,0.94046434003944224,-4,2.3997443176111461e-05,4.403851673914037,0.0065049019826448904
n4q29d43,5,0.2000010019983165,0.29058043203287603,0.94046434003944224,-3,0.00019491334233978481,4.403851673914037,0.0065049019826448904
n4q29d43,5,0.2000010019983165,0.29058043203287603,0.94046434003944224,-2,0.0012473082544125636,4.403851673914037,0.0065049019826448904
n4q29d43,5,0.2000010019983165,0.29058043203287603,0.94046434003944224,-1,0.0065049019826448904,4.403851673914037,0.0065049019826448904
n4q29d43,5,0.2000010019983165,0.29058043203287603,0.94046434003944224,1,0.024378953046347733,4.403851673914037,0.0065049019826448904
n4q29d43,5,0.2000010019983165,0.29058043203287603,0.94046434003944224,2,0.088766328250835719,4.403851673914037,0.0065049019826448904
n4q29d43,5,0.2000010019983165,0.29058043203287603,0.94046434003944224,3,0.21237215061652381,4.403851673914037,0.0065049019826448904
n4q29d43,5,0.2000010019983165,0.29058043203287603,0.94046434003944224,4,0.51605740343355744,4.403851673914037,0.0065049019826448904
n4q29d43,5,0.2000010019983165,0.29058043203287603,0.94046434003944224,5,0.77596401007040927,4.403851673914037,0.0065049019826448904
n4q29d43,5,0.2000010019983165,0.29058043203287603,0.94046434003944224,6,0.96476828265755576,4.403851673914037,0.0065049019826448904
n4q29d43,5,0.2000010019983165,0.29058043203287603,0.94046434003944224,7,0.99936390579382794,4.403851673914037,0.0065049019826448904
n4q29d43,5,0.2000010019983165,0.29058043203287603,0.94046434003944224,8,1,4.403851673914037,0.0065049019826448904
n4q19d43,1,0.1983565196278505,-0.79466585779395049,-0.23421700500436338,-5,9.3438785801116697e-06,2.6993014498003558,0.039389447277512334
n4q19d43,1,0.1983565196278505,-0.79466585779395049,-0.23421700500436338,-4,0.00015374974166999447,2.6993014498003558,0.039389447277512334
n4q19d43,1,0.1983565196278505,-0.79466585779395049,-0.23421700500436338,-3,0.0012481879998312395,2.6993014498003558,0.039389447277512334
n4q19d43,1,0.1983565196278505,-0.79466585779395049,-0.23421700500436338,-2,0.0078529749598412555,2.6993014498003558,0.039389447277512334
n4q19d43,1,0.1983565196278505,-0.79466585779395049,-0.23421700500436338,-1,0.039389447277512334,2.6993014498003558,0.039389447277512334
n4q19d43,1,0.1983565196278505,-0.79466585779395049,-0.23421700500436338,1,0.14193940971581887,2.6993014498003558,0.039389447277512334
n4q19d43,1,0.1983565196278505,-0.79466585779395049,-0.23421700500436338,2,0.36527668769488375,2.6993014498003558,0.039389447277512334
n4q19d43,1,0.1983565196278505,-0.79466585779395049,-0.23421700500436338,3,0.7525098047714105,2.6993014498003558,0.039389447277512334
n4q19d43,1,0.1983565196278505,-0.79466585779395049,-0.23421700500436338,4,0.95292949688258388,2.6993014498003558,0.039389447277512334
n4q19d43,1,0.1983565196278505,-0.79466585779395049,-0.23421700500436338,5,1,2.6993014498003558,0.039389447277512334
n4q19d43,2,0.19976818148279563,-0.23418256164078349,-0.11351944637911429,-5,1.789019725713314e-05,2.4864766271364811,0.050457847834386581
n4q19d43,2,0.19976818148279563,-0.23418256164078349,-0.11351944637911429,-4,0.00022966783663614989,2.4864766271364811,0.050457847834386581
n4q19d43,2,0.19976818148279563,-0.23418256164078349,-0.11351944637911429,-3,0.0017215858411759196,2.4864766271364811,0.050457847834386581
n4q19d43,2,0.19976818148279563,-0.23418256164078349,-0.11351944637911429,-2,0.010472465150315179,2.4864766271364811,0.050457847834386581
n4q19d43,2,0.19976818148279563,-0.23418256164078349,-0.11351944637911429,-1,0.050457847834386581,2.4864766271364811,0.050457847834386581
n4q19d43,2,0.19976818148279563,-0.23418256164078349,-0.11351944637911429,1,0.17695537581102061,2.4864766271364811,0.050457847834386581
n4q19d43,2,0.19976818148279563,-0.23418256164078349,-0.11351944637911429,2,0.43216355732378076,2.4864766271364811,0.050457847834386581
n4q19d43,2,0.19976818148279563,-0.23418256164078349,-0.11351944637911429,3,0.81750708205846301,2.4864766271364811,0.050457847834386581
n4q19d43,2,0.19976818148279563,-0.23418256164078349,-0.11351944637911429,4,0.97354005297609703,2.4864766271364811,0.050457847834386581
n4q19d43,2,0.19976818148279563,-0.23418256164078349,-0.11351944637911429,5,1,2.4864766271364811,0.050457847834386581
n4q19d43,3,0.20198927400633693,-0.11294102024413376,-0.022111265199732076,-5,1.8759855642222823e-05,2.4274170664041259,0.053095905207195662
n4q19d43,3,0.20198927400633693,-0.11294102024413376,-0.022111265199732076,-4,0.00024250368680966703,2.4274170664041259,0.053095905207195662
n4q19d43,3,0.20198927400633693,-0.11294102024413376,-0.022111265199732076,-3,0.0018428351173906724,2.4274170664041259,0.053095905207195662
n4q19d43,3,0.20198927400633693,-0.11294102024413376,-0.022111265199732076,-2,0.011096827579036064,2.4274170664041259,0.053095905207195662
n4q19d43,3,0.20198927400633693,-0.11294102024413376,-0.022111265199732076,-1,0.053095905207195662,2.4274170664041259,0.053095905207195662
n4q19d43,3,0.20198927400633693,-0.11294102024413376,-0.022111265199732076,1,0.18786490504847742,2.4274170664041259,0.053095905207195662
n4q19d43,3,0.20198927400633693,-0.11294102024413376,-0.022111265199732076,2,0.45454279652516072,2.4274170664041259,0.053095905207195662
n4q19d43,3,0.20198927400633693,-0.11294102024413376,-0.022111265199732076,3,0.83153973380160939,2.4274170664041259,0.053095905207195662
n4q19d43,3,0.20198927400633693,-0.11294102024413376,-0.022111265199732076,4,0.97924276156735646,2.4274170664041259,0.053095905207195662
n4q19d43,3,0.20198927400633693,-0.11294102024413376,-0.022111265199732076,5,1,2.4274170664041259,0.053095905207195662
n4q19d43,4,0.20035706579801627,-0.021532839064751542,0.095130455312281467,-5,2.132152627153608e-05,2.4046522245845492,0.053810997007390539
n4q19d43,4,0.20035706579801627,-0.021532839064751542,0.095130455312281467,-4,0.00027571286265097675,2.4046522245845492,0.053810997007390539
n4q19d43,4,0.20035706579801627,-0.021532839064751542,0.095130455312281467,-3,0.0019461411869475089,2.4046522245845492,0.053810997007390539
n4q19d43,4,0.20035706579801627,-0.021532839064751542,0.095130455312281467,-2,0.011854934929463063,2.4046522245845492,0.053810997007390539
n4q19d43,4,0.20035706579801627,-0.021532839064751542,0.095130455312281467,-1,0.053810997007390539,2.4046522245845492,0.053810997007390539
n4q19d43,4,0.20035706579801627,-0.021532839064751542,0.095130455312281467,1,0.19123091880987439,2.4046522245845492,0.053810997007390539
n4q19d43,4,0.20035706579801627,-0.021532839064751542,0.095130455312281467,2,0.46164796461137836,2.4046522245845492,0.053810997007390539
n4q19d43,4,0.20035706579801627,-0.021532839064751542,0.095130455312281467,3,0.83822661279079458,2.4046522245845492,0.053810997007390539
n4q19d43,4,0.20035706579801627,-0.021532839064751542,0.095130455312281467,4,0.98252217468328928,2.4046522245845492,0.053810997007390539
n4q19d43,4,0.20035706579801627,-0.021532839064751542,0.095130455312281467,5,1,2.4046522245845492,0.053810997007390539
n4q19d43,5,0.19952895908500068,0.095938347255044909,0.94046434003944224,-5,2.6945214493812177e-05,2.3520632976225544,0.055862260763786913
n4q19d43,5,0.19952895908500068,0.095938347255044909,0.94046434003944224,-4,0.00033523840550720476,2.3520632976225544,0.055862260763786913
n4q19d43,5,0.19952895908500068,0.095938347255044909,0.94046434003944224,-3,0.0022037623489078949,2.3520632976225544,0.055862260763786913
n4q19d43,5,0.19952895908500068,0.095938347255044909,0.94046434003944224,-2,0.012888781041323044,2.3520632976225544,0.055862260763786913
n4q19d43,5,0.19952895908500068,0.095938347255044909,0.94046434003944224,-1,0.055862260763786913,2.3520632976225544,0.055862260763786913
n4q19d43,5,0.19952895908500068,0.095938347255044909,0.94046434003944224,1,0.19847072974103003,2.3520632976225544,0.055862260763786913
n4q19d43,5,0.19952895908500068,0.095938347255044909,0.94046434003944224,2,0.47716271006458333,2.3520632976225544,0.055862260763786913
n4q19d43,5,0.19952895908500068,0.095938347255044909,0.94046434003944224,3,0.8551486729515192,2.3520632976225544,0.055862260763786913
n4q19d43,5,0.19952895908500068,0.095938347255044909,0.94046434003944224,4,0.98997534108250718,2.3520632976225544,0.055862260763786913
n4q19d43,5,0.19952895908500068,0.095938347255044909,0.94046434003944224,5,1,2.3520632976225544,0.055862260763786913
