rank,feature_value,p_num,p_den,A_num,A_den,s_bits,g_bits
1,A=16|t=18,1,5776,3078608,469987,12.49585502688717,2.711585423302057
2,A=45|t=85,7,5776,18651426,3289909,9.688500104829567,2.5031663521604623
3,A=128|t=5,9,5776,7945610,1409961,9.325930025444858,2.494502724600644
4,A=45|t=68,11,5776,28951478,5169857,9.036423408249874,2.485440720254184
5,A=73|t=74,15,5776,1118378,201423,8.588964431278653,2.4731075506688973
6,A=32|t=49,17,5776,44214558,7989779,8.408392185636831,2.468293963436386
7,A=113|t=13,1,304,2593386,469987,8.247927513443585,2.4641441961208215
8,A=128|t=4,21,5776,54328334,9869727,8.10353760410841,2.460622721958015
9,A=17|t=40,23,5776,59070430,10809701,7.972293070830158,2.450109495829594
10,A=100|t=25,25,5776,2546494,469987,7.851998837112446,2.4378195609691327
11,A=41|t=68,27,5776,67977022,12689649,7.740967524723702,2.4213949960543903
12,A=34|t=90,29,5776,72285918,13629623,7.637874031759599,2.4069689662602225
13,A=10|t=4,33,5776,80817070,15509571,7.451460907528718,2.3815012664778887
14,A=16|t=10,37,5776,89134510,17389519,7.286401661258221,2.3577660770110853
15,A=100|t=34,41,5776,97402854,19269467,7.1383030222690875,2.337647378568314
16,A=106|t=25,43,5776,101353638,20209441,7.069590272185073,2.3262965520606973
17,A=34|t=50,45,5776,105248828,21149415,7.0040019305574965,2.3151145046524526
18,A=82|t=113,47,5776,109130300,22089389,6.941266175209534,2.3046263022676756
19,A=32|t=18,49,5776,16130924,3289909,6.881145182771963,2.2937094960910245
20,A=1|t=8,25,2888,57393946,11749675,6.851998837112446,2.2882777153697376
21,A=17|t=13,27,2888,61119466,12689649,6.740967524723702,2.2679797743242114
22,A=40|t=34,29,2888,64803832,13629623,6.637874031759599,2.2493334682560517
23,A=26|t=20,31,2888,68408056,14569597,6.5416587165002955,2.231205260002009
24,A=89|t=41,4,361,1253753,268564,6.495855026887171,2.222915317982577
25,A=113|t=10,17,1444,2170332,469987,6.408392185636831,2.2072229944592454
26,A=2|t=10,35,2888,75524088,16449545,6.366572009942204,2.198889178547175
27,A=100|t=45,9,722,5517163,1208538,6.325930025444858,2.1906637679229592
28,A=2|t=9,37,2888,11276918,2484217,6.286401661258221,2.18250972500575
29,A=17|t=29,41,2888,85712230,19269467,6.1383030222690875,2.153184405749087
30,A=34|t=53,43,2888,12728138,2887063,6.069590272185073,2.1403468879619525
31,A=18|t=50,11,722,45391779,10339714,6.036423408249874,2.13423475088938
32,A=26|t=34,45,2888,30822902,7049805,6.0040019305574965,2.128347441357108
33,A=16|t=34,23,1444,47071873,10809701,5.972293070830158,2.1225386411269893
34,A=162|t=5,47,2888,95818064,22089389,5.941266175209534,2.116944150361061
35,A=73|t=65,25,1444,100834159,23499350,5.851998837112446,2.1012916980045895
36,A=82|t=130,53,2888,1997052,469987,5.767934572323972,2.087179141693375
37,A=106|t=100,55,2888,9924612,2349935,5.714495313362511,2.0783898496813498
38,A=25|t=29,3,152,1973644,469987,5.662965012722429,2.0701690272257975
39,A=41|t=45,59,2888,115824684,27729233,5.61321197752533,2.06246312972031
40,A=80|t=61,15,722,9790681,2349935,5.588964431278653,2.0587883594182803
41,A=41|t=65,31,1444,60384470,14569597,5.5416587165002955,2.051216584731658
42,A=162|t=128,63,2888,122403187,29609181,5.5185751033872545,2.0475246310862185
43,A=80|t=74,67,2888,18418581,4498447,5.429765836429398,2.0336629874044516
44,A=45|t=29,69,2888,1915827,469987,5.387330570109002,2.0272745339544955
45,A=29|t=68,35,1444,133807899,32899090,5.366572009942204,2.0240437000383382
46,A=89|t=34,9,361,137033795,33839064,5.325930025444858,2.0177701629387843
47,A=16|t=9,37,1444,140243807,34779038,5.286401661258221,2.0116471316662783
48,A=9|t=4,1,38,7550201,1879948,5.247927513443585,2.00582229507896
49,A=52|t=90,79,2888,148244289,37128973,5.192074278710068,1.9973592116753847
50,A=10|t=34,10,361,149839187,37598960,5.173926931999809,1.9946503147828778
51,A=29|t=80,81,2888,151433363,38068947,5.156005024002546,1.991996517175766
52,A=90|t=89,41,1444,533197,134282,5.1383030222690875,1.9894027333652744
53,A=97|t=65,83,2888,154617383,39008921,5.120815595540246,1.98682652609162
54,A=89|t=52,85,2888,157759527,39948895,5.08646409074947,1.9814996279143264
55,A=113|t=9,43,1444,22761411,5774126,5.069590272185073,1.9789154995810325
56,A=18|t=49,87,2888,1849403,469987,5.0529115310384425,1.9763668769974447
57,A=65|t=97,11,361,23209051,5908408,5.036423408249874,1.9738461745005607
58,A=40|t=90,89,2888,23432510,5975549,5.020121595920773,1.9713683273593785
59,A=85|t=145,45,1444,16558709,4229883,5.0040019305574965,1.968900533905797
60,A=113|t=20,23,722,84351621,21619402,4.972293070830158,1.9640891751148992
61,A=41|t=85,5,152,9124902,2349935,4.9259994185562235,1.9571882127398565
62,A=18|t=8,12,361,29153277,7519792,4.910892526166014,1.9548933978257017
63,A=25|t=13,49,1444,89006355,23029363,4.881145182771963,1.950433841063327
64,A=41|t=64,99,2888,19949221,5169857,4.866498406807562,1.9481361307713325
65,A=130|t=25,25,722,181070741,46998700,4.851998837112446,1.945860684770475
66,A=41|t=25,51,1444,184120469,47938674,4.823429684915675,1.9413881133603985
67,A=9|t=20,103,2888,185633781,48408661,4.809354499703953,1.9391221766324092
68,A=73|t=85,53,1444,190170829,49818622,4.767934572323972,1.9325389410846918
69,A=29|t=53,27,722,21465421,5639844,4.740967524723702,1.9282873056996341
70,A=17|t=9,55,1444,196186533,51698570,4.714495313362511,1.9240297320361661
71,A=9|t=5,14,361,199184277,52638544,4.688500104829567,1.9199122806462352
72,A=80|t=52,3,76,3546749,939974,4.662965012722429,1.9158044787313402
73,A=90|t=61,115,2888,203654901,54048505,4.650364975942796,1.9137999153429013
74,A=20|t=50,29,722,205127781,54518492,4.637874031759599,1.9117053306967329
75,A=58|t=90,119,2888,209543172,55928453,4.601037263579228,1.9055931812171245
76,A=81|t=128,239,5776,420524568,112326893,4.594988218906423,1.904486713236161
77,A=68|t=89,241,5776,423382966,113266867,4.582965690657209,1.9022373229752956
78,A=2|t=8,243,5776,15786530,4229883,4.57104252328139,1.9000044270691385
79,A=145|t=8,13,304,3247518,872833,4.5474877953024935,1.8955599690095117
80,A=5|t=20,249,5776,144917674,39008921,4.53585309481909,1.8933575565318137
81,A=65|t=90,253,5776,440342746,118906711,4.512861452192861,1.8887967578628349
82,A=45|t=73,257,5776,445922362,120786659,4.490230477693293,1.8843314329267642
83,A=80|t=45,259,5776,448707838,121726633,4.4790467392006175,1.8821315302077142
84,A=13|t=5,263,5776,454252798,123606581,4.456936037594868,1.8777398443241022
85,A=25|t=40,265,5776,457025278,124546555,4.44600647743661,1.8755888460418624
86,A=25|t=53,269,5776,462570238,126426503,4.424392664330547,1.8713735154390851
87,A=25|t=68,271,5776,465342718,127366477,4.4137059855333,1.8693080225490402
88,A=9|t=32,17,361,233364479,63918232,4.408392185636831,1.8682855729844525
89,A=34|t=58,137,2888,234744943,64388219,4.397822943926644,1.8662254287065494
90,A=9|t=8,275,5776,18834814,5169857,4.392567218475149,1.86520550549627
91,A=117|t=18,279,5776,476380654,131126373,4.371733715057983,1.8611569469213631
92,A=117|t=13,281,5776,68446322,18866621,4.361428706666245,1.8591369592743971
93,A=117|t=29,283,5776,481850526,133006321,4.351196784055289,1.8570908698995967
94,A=17|t=20,293,5776,495467446,137706191,4.301098172464923,1.8471968485852372
95,A=68|t=113,295,5776,498185054,138646165,4.291283882637967,1.8452740285837022
96,A=85|t=117,297,5776,500888222,139586139,4.281535906086405,1.8433330000879535
97,A=34|t=73,301,5776,506283006,141466087,4.262235350127469,1.8394878152554803
98,A=26|t=58,303,5776,169659170,47468687,4.25268104341422,1.8375913591616002
99,A=20|t=53,307,5776,514343414,144286009,4.233760181516992,1.8338005192569955
100,A=40|t=73,311,5776,74242538,20880851,4.215084256756568,1.8300655199987874
101,A=34|t=85,315,5776,35003282,9869727,4.196647008499892,1.8264081143785966
102,A=145|t=9,317,5776,75389074,21283697,4.187515996747764,1.8246066812872792
103,A=45|t=90,329,5776,543753362,154625723,4.13391125315193,1.8141720750073742
104,A=90|t=74,333,5776,549090386,156505671,4.116476659815909,1.8108287171011137
105,A=52|t=73,335,5776,78821462,22492235,4.107837741542036,1.809161483768587
106,A=97|t=73,339,5776,557061266,159325593,4.090713563750827,1.8058579745510772
107,A=10|t=25,343,5776,80337662,23029363,4.073790260714358,1.8026019701953353
108,A=10|t=18,345,5776,5381066,1544243,4.0654024752216396,1.8009922108649226
109,A=32|t=50,349,5776,81469758,23432209,4.048771800677518,1.7977716564912607
110,A=34|t=29,357,5776,580835282,167785359,4.0160747628580715,1.7915122591467114
111,A=90|t=98,1,16,1623554,469987,4.0,1.7884626129667496
112,A=58|t=89,363,5776,588721688,170605281,3.99202928889142,1.7869234710314095
113,A=10|t=8,367,5776,593954744,172485229,3.976218774043958,1.7838801899036067
114,A=20|t=18,371,5776,599187800,174365177,3.960579650266368,1.7808963056669809
115,A=10|t=29,375,5776,604394864,176245125,3.945108241503928,1.7779080482559528
116,A=1|t=5,383,5776,614791664,180005021,3.914654444962214,1.7720604543954321
117,A=41|t=34,391,5776,625171136,183764917,3.8848302295798187,1.766389806441672
118,A=145|t=13,393,5776,209248596,61568297,3.8774695246285646,1.7649583739419636
119,A=74|t=73,395,5776,630310332,185644865,3.8701461838227056,1.7635169011657037
120,A=52|t=58,21,304,33443876,9869727,3.855610090664825,1.760659974287435
121,A=82|t=128,403,5776,640545404,189404761,3.8412189983592038,1.7578282414664843
122,A=82|t=68,407,5776,645657164,191284709,3.826970042620924,1.7550467634243954
123,A=113|t=29,409,5776,648200048,192224683,3.819897993945422,1.7536455273019356
124,A=34|t=65,413,5776,11072592,3289909,3.8058570554677256,1.7508734001534274
125,A=90|t=72,417,5776,658365808,195984579,3.791951453442507,1.7481492711482376
126,A=17|t=34,425,5776,668520016,199744475,3.764535995862107,1.7428151580865192
127,A=52|t=85,23,304,35984784,10809701,3.7243655573865726,1.7350603803582607
128,A=68|t=100,441,5776,229590224,69088089,3.7112201813296504,1.732552300981555
129,A=106|t=45,443,5776,98756604,29743463,3.7046921383321525,1.7313045979214363
130,A=32|t=34,447,5776,696344452,210084189,3.691724005703853,1.7288335341174303
131,A=34|t=40,451,5776,701392676,211964137,3.6788714036317898,1.7264021754283532
132,A=34|t=20,455,5776,706432236,213844085,3.6661322918011123,1.723991875389105
133,A=52|t=34,459,5776,101638828,30817719,3.653504683473363,1.7216196562437465
134,A=100|t=20,463,5776,716508468,217603981,3.6409866436269347,1.7192788044624838
135,A=128|t=10,467,5776,721536476,219483929,3.628576287177509,1.7169570225003516
136,A=64|t=162,117,1444,180696745,54988479,3.6254903073037665,1.716369231467499
137,A=89|t=29,235,2888,362643994,110446945,3.619338080322171,1.7152004418165223
138,A=10|t=5,239,2888,367634458,112326893,3.5949882189064226,1.7105686200621264
139,A=113|t=145,241,2888,52875670,16180981,3.5829656906572094,1.7083049627700924
140,A=162|t=4,121,1444,185688653,56868427,3.5769917896125762,1.7071858537216142
141,A=17|t=10,123,1444,188183885,57808401,3.553340521547931,1.7027920165550756
142,A=25|t=64,13,152,19874494,6109831,3.5474877953024935,1.7017137499101422
143,A=29|t=52,31,361,27061643,8325484,3.541658716500296,1.700643382200355
144,A=58|t=52,125,1444,190679117,58748375,3.530070742225084,1.6985259977722258
145,A=68|t=90,63,722,191926733,59218362,3.5185751033872545,1.6964391842085842
146,A=64|t=130,253,2888,385094223,118906711,3.512861452192861,1.6953813387341077
147,A=73|t=53,255,2888,387551911,119846685,3.501501590028313,1.6931995623505531
148,A=32|t=65,257,2888,390000935,120786659,3.490230477693293,1.6910164663003506
149,A=145|t=113,259,2888,392431187,121726633,3.479046739200617,1.6887948439706566
150,A=117|t=34,261,2888,394857107,122666607,3.4679490303172864,1.686588093728906
151,A=26|t=45,263,2888,397283027,123606581,3.4569360375948683,1.6844116023904732
152,A=18|t=20,265,2888,399685843,124546555,3.4460064774366095,1.682181356249032
153,A=97|t=74,267,2888,134026665,41828843,3.435159095199617,1.679950059457863
154,A=20|t=34,135,1444,405667613,126896490,3.41903942983634,1.6766459634158273
155,A=90|t=68,34,361,408045881,127836464,3.4083921856368313,1.6744319705874984
156,A=80|t=58,69,722,137599843,43238804,3.3873305701090017,1.6700803006384015
157,A=13|t=40,277,2888,413986497,130186399,3.3821128608379825,1.6690049788048158
158,A=52|t=68,279,2888,138783923,43708791,3.3717337150579834,1.6668450746380277
159,A=20|t=45,281,2888,418708377,132066347,3.3614287066662447,1.6646828945609335
160,A=25|t=65,283,2888,421064985,133006321,3.3511967840552885,1.6625480985163956
161,A=4|t=18,567,5776,281102758,88827543,3.348650101944942,1.6620186171198224
162,A=58|t=40,571,5776,848021490,268362577,3.338508091524328,1.659917322467493
163,A=9|t=13,575,5776,852711602,270242525,3.3284368810554334,1.657803172995583
164,A=117|t=25,585,5776,288126374,91647465,3.303562212416404,1.652534844402105
165,A=5|t=9,593,5776,124815750,39814613,3.283966732341167,1.6484300538670627
166,A=34|t=82,595,5776,51531306,16449545,3.279109168691865,1.6474014772759678
167,A=13|t=29,599,5776,880667442,281522213,3.269442834098385,1.645348570855751
168,A=17|t=45,603,5776,885299794,283402161,3.259840834987086,1.6433153266455969
169,A=25|t=49,607,5776,889920594,285282109,3.250302320631489,1.6412873392597658
170,A=65|t=49,611,5776,894541394,287162057,3.2408264570684415,1.6392831060143875
171,A=145|t=5,621,5776,905990870,291861927,3.2174055686666896,1.6342104863154703
172,A=117|t=20,625,5776,910565462,293741875,3.2081426473377217,1.632213791777842
173,A=64|t=145,629,5776,915127058,295621823,3.1989388200078817,1.630219289731717
174,A=106|t=34,633,5776,919684322,297501771,3.1897933374588296,1.6282404901068444
175,A=10|t=26,635,5776,921960066,298441745,3.1852422452276428,1.6272549138630696
176,A=97|t=85,637,5776,924234366,299381719,3.180705464630871,1.6262726050319685
177,A=90|t=113,639,5776,308833334,100107231,3.1761829059401765,1.6252822911744458
178,A=5|t=13,647,5776,133644366,43440227,3.1582331248946636,1.6212954724793673
179,A=145|t=10,651,5776,940012954,305961537,3.1493412937215353,1.6193303378077462
180,A=20|t=58,653,5776,134608958,43843073,3.14491584534074,1.6183535953398869
181,A=117|t=41,655,5776,944503794,307841485,3.1405039304623585,1.617368928151479
182,A=65|t=85,661,5776,135889064,44380201,3.1273485653794793,1.6144412497202834
183,A=145|t=130,673,5776,964589112,316301251,3.1013923322768537,1.6086152636160067
184,A=1|t=4,679,5776,971271944,319121173,3.0885872626424393,1.605770957286177
185,A=73|t=100,683,5776,975722352,321001121,3.0801132585970805,1.603892342602625
186,A=117|t=32,687,5776,326719440,107627023,3.0716887380690707,1.6020119431961195
187,A=25|t=20,695,5776,989030256,326640965,3.054985859276301,1.5983089211265946
188,A=29|t=25,699,5776,331155408,109506971,3.0467063815117346,1.5964857067453808
189,A=37|t=29,37,304,7503024,2484217,3.0384741478146355,1.5946809724194164
190,A=52|t=45,711,5776,111863792,37128973,3.0221492772677556,1.5911258258501304
191,A=53|t=45,715,5776,77785392,25849285,3.014055595221419,1.5893748686549225
192,A=74|t=45,717,5776,48258480,16046699,3.010025718185266,1.588505927568287
193,A=81|t=65,721,5776,1017864048,338860627,3.0019995776463486,1.5867809577182455
194,A=8|t=18,723,5776,1020070480,339800601,2.998003189936053,1.5859085268421926
195,A=85|t=29,725,5776,1022275468,340740575,2.994017841984874,1.585038347985575
196,A=8|t=10,731,5776,146983316,49080071,2.982127430934734,1.582443163648675
197,A=34|t=68,739,5776,1037685836,347320393,2.96642447274102,1.5790307009598743
198,A=65|t=53,745,5776,1044282028,350140315,2.954758411537647,1.5765063037492806
199,A=73|t=89,753,5776,351011852,117966737,2.939348972215243,1.5731396231027568
200,A=90|t=100,757,5776,1057399324,355780159,2.9317055369014393,1.5714623471667943
201,A=82|t=85,769,5776,1070419872,361420003,2.9090152389253445,1.566428544189321
202,A=130|t=5,771,5776,357528624,120786659,2.905267976972137,1.5655976332831547
203,A=4|t=9,775,5776,1076917872,364239925,2.897802526725571,1.563947258628801
204,A=18|t=13,783,5776,17229808,5841267,2.8829865295961303,1.5605533890869694
205,A=25|t=18,791,5776,1094037936,371759717,2.868321142414379,1.5572204079268623
206,A=29|t=73,795,5776,366105984,124546555,2.8610439767154534,1.5555762379805687
207,A=85|t=128,799,5776,64858704,22089389,2.853803333959194,1.5539466824863617
208,A=145|t=4,803,5776,100623696,34309051,2.8465988493698564,1.5523089610867093
209,A=32|t=25,811,5776,1115362928,381159457,2.8322969226698977,1.5490466485750767
210,A=89|t=65,43,304,59037484,20209441,2.8216627587414878,1.546601822550114
211,A=85|t=130,821,5776,160848604,55122761,2.814616615109366,1.5449833579742869
212,A=117|t=113,825,5776,161452196,55391325,2.8076047177539927,1.543375109652073
213,A=130|t=8,829,5776,162052900,55659889,2.8006267353914205,1.5417549017950043
214,A=9|t=25,833,5776,162653604,55928453,2.7936823415216234,1.5401484587197969
215,A=117|t=130,845,5776,1151181348,397139015,2.7730474957176243,1.5353991186060292
216,A=32|t=64,849,5776,1155380500,399018963,2.7662342833341325,1.533838834917604
217,A=45|t=40,857,5776,1163697940,402778859,2.7527036327746712,1.5306567613489288
218,A=52|t=82,863,5776,1169918692,405598781,2.742638277708216,1.5282830461140127
219,A=80|t=65,879,5776,1186438052,413118573,2.716135671743767,1.5220089469406146
220,A=4|t=10,885,5776,238521364,83187699,2.706321381916811,1.5196763747157485
221,A=10|t=20,897,5776,1204857716,421578339,2.6868908519679096,1.5149901385628173
222,A=128|t=9,901,5776,1208935572,423458287,2.6804717310736326,1.5134455926827568
223,A=89|t=85,905,5776,1213001876,425338235,2.6740810449166035,1.511899327369566
224,A=26|t=29,913,5776,111007500,39008921,2.661383976902949,1.5087811540846456
225,A=130|t=18,917,5776,1225102596,430978079,2.6550771032921165,1.507216176574769
226,A=58|t=80,925,5776,1233119684,434737975,2.6425454714834964,1.504094803717597
227,A=85|t=73,929,5776,1237122452,436617923,2.636320240504518,1.502545048485319
228,A=89|t=58,933,5776,413704556,146165957,2.6301217560354124,1.5009935082376973
229,A=90|t=85,955,5776,1262957056,448837585,2.59649810396406,1.492540189094408
230,A=80|t=73,965,5776,1272881668,453537455,2.581469894731728,1.4888047024519673
231,A=13|t=8,973,5776,1280806340,457297351,2.5695590321060595,1.4858478871955005
232,A=20|t=13,981,5776,429577004,153685749,2.5577457006679323,1.4829333726861496
233,A=16|t=25,989,5776,1296632580,464817143,2.5460283161280604,1.4800345454261166
234,A=10|t=13,1001,5776,1308432948,470456987,2.5286287680511776,1.4757052626863871
235,A=68|t=58,1005,5776,1312325972,472336935,2.52287524082088,1.474237860751366
236,A=29|t=34,1013,5776,1320088916,476096831,2.5114365680860327,1.4713081759639444
237,A=40|t=45,1021,5776,1327851860,479856727,2.5000878760093697,1.4684185801021303
238,A=65|t=45,1025,5776,1331733332,481736675,2.4944468324943623,1.466988557462341
239,A=97|t=89,1029,5776,1335614804,483616623,2.4888277599932023,1.465568250231286
240,A=128|t=130,1033,5776,1339426964,485496571,2.4832304880221114,1.4640829051212836
241,A=89|t=45,1041,5776,1347045508,489256467,2.472100673587754,1.4611357653483323
242,A=73|t=68,1049,5776,1354652500,493016363,2.4610560643099033,1.4582153791357513
243,A=20|t=37,1053,5776,1358395348,494896311,2.455565305861454,1.4567052299331367
244,A=65|t=58,1065,5776,195660556,71505165,2.4392173117739704,1.4522335862680809
245,A=85|t=53,1067,5776,1371495316,501476129,2.436510566062746,1.4514967618472576
246,A=10|t=9,1075,5776,1378946356,505236025,2.425734082410348,1.4485369171467657
247,A=20|t=10,1079,5776,197520428,72445139,2.420375877399154,1.4470410730455585
248,A=89|t=74,1087,5776,1389984292,510875869,2.409718801859862,1.4440238819794513
249,A=45|t=53,1091,5776,1393628948,512755817,2.404419640563564,1.4425026378636858
250,A=97|t=90,1103,5776,1404534036,518395661,2.3886379512957885,1.437966037692148
251,A=81|t=145,1109,5776,1409984414,521215583,2.380811376725461,1.435727092608453
252,A=64|t=49,1113,5776,201944122,74727933,2.3756171495452114,1.434236631508948
253,A=65|t=73,1125,5776,474822578,176245125,2.3601457407827713,1.4298051846978312
254,A=82|t=145,1139,5776,1437119340,535315193,2.3423029951790593,1.4247193657161206
255,A=53|t=73,1143,5776,22868628,8526907,2.337245338672693,1.4232753872201038
256,A=45|t=80,1145,5776,1442514124,538135115,2.3347231439028646,1.422545089368978
257,A=8|t=9,1147,5776,1444298908,539075089,2.332205350871346,1.421811200819939
258,A=5|t=17,1151,5776,1447856924,540955037,2.3271829087549407,1.4203384530674514
259,A=128|t=98,1153,5776,1449633044,541895011,2.324678229235399,1.4196024767118658
260,A=68|t=73,1161,5776,1456737524,545654907,2.3147027700216043,1.4166802257791922
261,A=20|t=40,1169,5776,1463784244,549414803,2.304795812355515,1.413735234867444
262,A=58|t=68,1173,5776,489098684,183764917,2.2998677288586626,1.4122642183212253
263,A=80|t=90,1177,5776,1470807860,553174699,2.2949564218487266,1.4108017140430158
264,A=45|t=34,1185,5776,295556476,111386919,2.2851836831015495,1.4078540159854245
265,A=64|t=50,1189,5776,211608814,79830649,2.280322027141515,1.406385075378907
266,A=89|t=53,1191,5776,494332462,186584839,2.277897329023057,1.4056498846114254
267,A=58|t=73,1201,5776,1491626730,564454387,2.265834591181537,1.4019576475346998
268,A=61|t=68,1205,5776,1495057674,566334335,2.261037595769847,1.400475236057641
269,A=26|t=74,1207,5776,1496770258,567274309,2.2586450661321495,1.3997343633801165
270,A=52|t=74,1211,5776,1500195426,569154257,2.253871877192842,1.3982588265064737
271,A=65|t=117,1217,5776,1505301410,571974179,2.2467415741734427,1.3960304650192565
272,A=40|t=58,1223,5776,1510387178,574794101,2.239646338359784,1.3938012616320004
273,A=68|t=130,1229,5776,1515392082,577614023,2.232585826514509,1.3915134421384416
274,A=106|t=89,1237,5776,1522046034,581373919,2.2232252419108014,1.3884737362108557
275,A=113|t=117,1241,5776,217910430,83321981,2.2185676267568146,1.386966205514569
276,A=117|t=100,1249,5776,1532026962,587013763,2.2092972652792136,1.383975453376133
277,A=50|t=106,1251,5776,170410050,65328193,2.206988952721351,1.383232781613678
278,A=58|t=53,1259,5776,1540344402,591713633,2.1977924591681544,1.3802819157175863
279,A=5|t=16,1261,5776,1542007890,592653607,2.195502466558951,1.3795491144309988
280,A=85|t=89,1265,5776,1545334866,594533555,2.1909333573054983,1.3780893545524895
281,A=5|t=10,1281,5776,1558550354,602053347,2.1728002665455244,1.3722415339367227
282,A=5|t=4,1291,5776,223829386,86679031,2.1615817415799805,1.3686445260757216
283,A=85|t=90,1303,5776,1576694214,612393061,2.1482336583190365,1.3643730482940992
284,A=82|t=64,1307,5776,1579988700,614273009,2.1438116010917376,1.3629623422031827
285,A=29|t=65,69,304,27776860,10809701,2.1394030566654165,1.3615569027110248
286,A=65|t=68,1323,5776,227593172,88827543,2.1262576806084943,1.3573782846775786
287,A=145|t=128,1331,5776,1599728180,625552697,2.1175601709752794,1.3546234601672387
288,A=40|t=74,1333,5776,228767144,89498953,2.1153939617981976,1.3539371539373228
289,A=17|t=25,1341,5776,1607931544,630252567,2.106761504982697,1.3512039923326877
290,A=81|t=64,1345,5776,230171434,90304645,2.1024645694431845,1.349836692681146
291,A=2|t=5,1357,5776,231557674,91110337,2.089650021468317,1.3456849192541704
292,A=68|t=50,1361,5776,232019754,91378901,2.0854036753831764,1.3443146439395608
293,A=13|t=18,1369,5776,1630584294,643412203,2.0769482956292715,1.341573820354448
294,A=40|t=29,1377,5776,545659442,215724033,2.0685421827522066,1.3388139038045226
295,A=29|t=45,1385,5776,328671006,130186399,2.0601847659506203,1.336065460133153
296,A=2|t=4,1393,5776,235675962,93527413,2.051875484285918,1.333343429212627
297,A=4|t=13,1397,5776,1652920086,656571839,2.0477387214777076,1.3319921983337197
298,A=100|t=29,1405,5776,1659244806,660331735,2.0395006117788825,1.3292638706458262
299,A=65|t=145,1411,5776,1663934918,663151657,2.033352754289907,1.3271882610508337
300,A=13|t=17,1419,5776,1670172998,666911553,2.0251961528266196,1.3244301996521273
301,A=97|t=52,1423,5776,1673292038,668791501,2.0211350803606885,1.3230608406016027
302,A=9|t=18,1427,5776,1676411078,670671449,2.0170854074114075,1.3216978683448821
303,A=13|t=20,1437,5776,561375938,225123773,2.0070106804298344,1.3182488146165838
304,A=25|t=50,1449,5776,1693369414,681011163,1.9950131473302417,1.3141463842300176
305,A=5|t=8,1459,5776,1701051494,685711033,1.9850908589692802,1.3107541744549336
306,A=61|t=53,1461,5776,1702559030,686651007,1.9831145640836725,1.31005588411071
307,A=50|t=130,77,304,1830346,738551,1.9811409727486842,1.3093469409753913
308,A=20|t=29,1475,5776,1712973158,693230825,1.969355787750605,1.3050948333168724
309,A=106|t=32,1479,5776,1715930470,695110773,1.9654486897881032,1.3036762861434898
310,A=17|t=32,1481,5776,1717409126,696050747,1.9634991015983234,1.3029693654793804
311,A=45|t=97,1487,5776,1721833542,698870669,1.9576660948347524,1.3008482727384298
312,A=65|t=130,1499,5776,1730682374,704510513,1.9460703589393116,1.2966478359862814
313,A=80|t=89,1509,5776,1738046774,709210383,1.9364779363604878,1.293181345337694
314,A=61|t=85,1515,5776,580819398,237343435,1.9307529485268577,1.2911134918703873
315,A=64|t=98,379,1444,871592985,356250146,1.9298009887160794,1.2907639795797428
316,A=162|t=145,191,722,125133791,51295724,1.9184261988514222,1.2865609527735593
317,A=100|t=130,383,1444,877380537,360010042,1.9146544449622138,1.285165554126595
318,A=8|t=13,385,1444,880268537,361889990,1.9071403913049072,1.2823925003529262
319,A=73|t=58,387,1444,883139209,363769938,1.8996652707427608,1.2796145440470676
320,A=130|t=13,41,152,46667667,19269467,1.8903755088255019,1.2761066794528615
321,A=89|t=40,781,2888,888090685,367059847,1.8866762887451918,1.2746916956472871
322,A=100|t=40,783,2888,889487033,367999821,1.8829865295961303,1.2732685094068705
323,A=40|t=89,785,2888,890879771,368939795,1.8793061831081816,1.2718453344312306
324,A=26|t=40,787,2888,127466573,52839967,1.8756352013796846,1.2704174917624427
325,A=50|t=72,197,722,892959131,370349756,1.8738032074307946,1.2697057608139557
326,A=53|t=37,395,1444,894345371,371289730,1.8701461838227058,1.26828665690256
327,A=58|t=45,397,1444,128159693,53309954,1.8628598297442134,1.2654657546303572
328,A=72|t=65,795,2888,897810971,373639665,1.8610439767154532,1.2647641082756311
329,A=9|t=10,799,2888,900583451,375519613,1.8538033339591942,1.261971706980525
330,A=100|t=74,801,2888,901961027,376459587,1.8501965944784609,1.260570097497781
331,A=85|t=113,101,361,129540157,54249928,1.8376435441353762,1.2557062697723402
332,A=65|t=100,809,2888,907469165,380219483,1.8358591344571933,1.2550161627637455
333,A=50|t=89,811,2888,908830135,381159457,1.832296922669898,1.2536160010716855
334,A=52|t=65,102,361,912223535,383509392,1.8234296849156753,1.25012548241025
335,A=73|t=80,411,1444,6688247,2819922,1.812860443205488,1.245972870044601
336,A=90|t=73,413,1444,918984343,388209262,1.8058570554677256,1.243205743449391
337,A=106|t=52,207,722,920324375,389149236,1.8023680693878459,1.2418189143855283
338,A=18|t=37,415,1444,921664407,390089210,1.798887500652884,1.240437444060915
339,A=53|t=80,831,2888,922334423,390559197,1.7971503601168264,1.2397487085317689
340,A=65|t=50,835,2888,925014487,392439145,1.7902226395257566,1.237007005789055
341,A=8|t=17,837,2888,926354519,393379119,1.7867712143368273,1.2356440436265406
342,A=8|t=2,105,361,132620209,56398440,1.7816095092210484,1.2335734708362605
343,A=130|t=17,841,2888,928999927,395259067,1.7798930366320267,1.2328799257416856
344,A=13|t=37,843,2888,930316855,396199041,1.7764662059450886,1.2314967767241782
345,A=85|t=40,845,2888,931633783,397139015,1.7730474957176243,1.2301188572382575
346,A=97|t=72,847,2888,12116243,5169857,1.7696368675549723,1.2287461370565422
347,A=113|t=130,851,2888,935567239,399958937,1.7628397052012084,1.2259894544180772
348,A=17|t=52,213,722,936214151,400428924,1.7611454066613326,1.225292384268694
349,A=40|t=106,853,2888,936861063,400898911,1.759453095568881,1.224596612732609
350,A=82|t=65,857,2888,939448711,402778859,1.752703632774671,1.2218264388124327
351,A=64|t=113,859,2888,134390553,57674119,1.7493407057487074,1.220435760934239
352,A=50|t=117,861,2888,314005381,134886269,1.745985599490327,1.2190457883661978
353,A=26|t=65,863,2888,943294083,405598781,1.7426382777082159,1.2176543017113757
354,A=37|t=53,865,2888,944570579,406538755,1.739298704363084,1.2162657100935217
355,A=25|t=37,869,2888,135301717,58345529,1.732642660072771,1.21348613545467
356,A=64|t=128,871,2888,948382739,409358677,1.7293261182883064,1.212103929504433
357,A=13|t=13,881,2888,954719011,414058547,1.7128568179667574,1.2052414113426893
358,A=68|t=53,885,2888,957248899,415938495,1.7063213819168113,1.202523883514526
359,A=40|t=97,887,2888,958508067,416878469,1.7030647325861072,1.2011637124147017
360,A=50|t=40,889,2888,959755683,417818443,1.6998154180574012,1.1997910216505083
361,A=72|t=64,445,1444,960379491,418288430,1.6981935010334108,1.1991065019013718
362,A=130|t=20,223,722,961624219,419228404,1.6949551269668663,1.1977367643567725
363,A=36|t=74,47,152,50644557,22089389,1.693338661765948,1.1970537105749741
364,A=61|t=65,899,2888,965950443,422518313,1.6836777213727236,1.1929353023549245
365,A=65|t=74,903,2888,968408131,424398261,1.677272849406313,1.1901964478945024
366,A=74|t=58,905,2888,138518949,60762605,1.6740810449166035,1.1888277192127839
367,A=65|t=61,907,2888,970854267,426278209,1.6708962863586485,1.1874594440440047
368,A=106|t=61,227,722,971463635,426748196,1.669306539596256,1.1867749375819923
369,A=85|t=98,457,1444,975119843,429568118,1.6598046718291013,1.1826926158170101
370,A=65|t=80,115,361,978758723,432388040,1.6503649759427956,1.1786266420149463
371,A=65|t=128,921,2888,979363037,432858027,1.6487976807958356,1.177949833717608
372,A=97|t=61,463,1444,982378109,435207962,1.6409866436269347,1.1745734620051729
373,A=17|t=41,116,361,983579517,436147936,1.637874031759599,1.1732241288133534
374,A=20|t=25,233,722,140854619,62575412,1.6316688822328906,1.1705390844787325
375,A=29|t=20,117,361,988385149,439907832,1.6254903073037663,1.167872046758768
376,A=37|t=80,937,2888,988985853,440377819,1.6239497892279842,1.1672080791205366
377,A=8|t=5,941,2888,991388669,442257767,1.6178041141586341,1.1645632897573222
378,A=117|t=89,943,2888,992585745,443197741,1.6147410662120742,1.1632412076278202
379,A=58|t=65,947,2888,994964013,445077689,1.608634411418786,1.1605871628366362
380,A=128|t=113,951,2888,142474787,63851091,1.6025534960266077,1.1579234598017207
381,A=130|t=10,953,2888,998501813,447897611,1.5995226229772292,1.156596076046949
382,A=13|t=36,477,1444,999090965,448367598,1.5980095708816593,1.1559340149068287
383,A=85|t=68,479,1444,1001441797,450247546,1.5919731811509907,1.153288257205659
384,A=50|t=74,959,2888,1002021563,450717533,1.5904680218690401,1.1526180775625914
385,A=61|t=74,963,2888,1004337739,452597481,1.5844630390437116,1.1499440406053285
386,A=85|t=100,51,152,53042281,23969337,1.57550217147209,1.1459528135149861
387,A=73|t=117,485,1444,201674455,91177478,1.5740140898126809,1.145278947801718
388,A=10|t=17,122,361,1011768563,458707312,1.5651176893242846,1.1412335085723304
389,A=145|t=2,491,1444,1015164851,461527234,1.556275812572478,1.1372263367069373
390,A=45|t=65,123,361,1016287561,462467208,1.553340521547931,1.1358856961942085
391,A=106|t=80,493,1444,1017396553,463407182,1.5504111905092595,1.1345298026489608
392,A=113|t=128,495,1444,1019614537,465287130,1.544570311920199,1.1318306603006576
393,A=128|t=145,497,1444,1021832521,467167078,1.538752985324885,1.1291482430963158
394,A=128|t=162,995,2888,1022387017,467637065,1.5373023114561597,1.1284802333535733
395,A=130|t=128,997,2888,1023496009,468577039,1.534405332488975,1.1271473099996916
396,A=13|t=10,1001,2888,1025713993,470456987,1.5286287680511774,1.1244937790860372
397,A=18|t=36,1003,2888,1026822985,471396961,1.5257491362749904,1.123173132538007
398,A=25|t=17,1005,2888,1027931977,472336935,1.52287524082088,1.1218565394812403
399,A=25|t=34,1009,2888,1030149961,474216883,1.5171445677808137,1.1192354372481432
400,A=34|t=45,1013,2888,147481135,68013833,1.5114365680860329,1.1166303204342778
401,A=37|t=40,1017,2888,1034585929,477976779,1.5057510630296709,1.1140410390392341
402,A=45|t=41,1019,2888,1035694921,478916753,1.5029166907213571,1.1127522902745246
403,A=49|t=128,2039,5776,2071944338,958303493,1.5022089668705745,1.112430713714506
404,A=50|t=53,2047,5776,296625758,137437627,1.4965596398637604,1.1098668498879876
405,A=50|t=68,2051,5776,2078598290,963943337,1.493743250407319,1.1085907209876869
406,A=53|t=58,2059,5776,2083034258,967703233,1.4881269122549168,1.106049979435944
407,A=89|t=100,2067,5776,2087470226,971463129,1.4825323534617236,1.1035244745057369
408,A=98|t=128,2069,5776,2088579218,972403103,1.4811370970271613,1.1028954624932543
409,A=98|t=17,109,304,109983590,51228583,1.4797431886666592,1.1022673918029946
410,A=162|t=2,2079,5776,232675330,108566997,1.474180984028801,1.0997326447400815
411,A=9|t=9,2087,5776,2098461954,980862869,1.468640141727336,1.097208949273697
412,A=100|t=98,2091,5776,2100651058,982742817,1.4658776802975917,1.095950714932806
413,A=18|t=18,2099,5776,2104983058,986502713,1.4603685755950166,1.0934136981271207
414,A=29|t=58,2107,5776,2109315058,990262609,1.4548804280698648,1.0908915283028098
415,A=40|t=80,2115,5776,2113612402,994022505,1.449413078879859,1.0883604166288785
416,A=40|t=65,2119,5776,162749630,76607881,1.4466871545150013,1.0870895420510203
417,A=65|t=113,2123,5776,2117841878,997782401,1.4439663709817934,1.08579775080195
418,A=20|t=26,2129,5776,2120984022,1000602323,1.439894792434877,1.0838650458506065
419,A=82|t=162,2135,5776,2124108838,1003422245,1.4358346723793183,1.0819288639560285
420,A=97|t=41,2137,5776,2125148518,1004362219,1.43448383422736,1.0812840038535874
421,A=41|t=82,2149,5776,2131328838,1010002063,1.4264052594593875,1.0773949607265978
422,A=113|t=85,2153,5776,2133361990,1011882011,1.4237224227199374,1.0760877071880388
423,A=130|t=100,2157,5776,2135395142,1013761959,1.421044565726717,1.0747841230517043
424,A=32|t=82,2159,5776,305201674,144957419,1.4197074988646656,1.074133702018754
425,A=34|t=25,2167,5776,2140478022,1018461829,1.4143715887934976,1.0715411118551967
426,A=73|t=106,2171,5776,2142511174,1020341777,1.4117110162720268,1.0702502455804008
427,A=73|t=90,2179,5776,2146577478,1024101673,1.406404545771264,1.0676792925049652
428,A=97|t=50,2183,5776,2148610630,1025981621,1.4037586118963798,1.0663991747261856
429,A=53|t=100,115,304,3232470,1544243,1.4024374624992104,1.0657371896727514
430,A=130|t=145,2197,5776,2155437862,1032561439,1.3945358724638945,1.061753345627645
431,A=13|t=25,2205,5776,2159319334,1036321335,1.389292086442288,1.059105201335994
432,A=37|t=89,2209,5776,2161260070,1038201283,1.3866773235318963,1.0577865101462565
433,A=68|t=117,2221,5776,2167082278,1043841127,1.3788613493401904,1.0538517796267868
434,A=25|t=52,117,304,114107426,54988479,1.3775627938601809,1.0531913970393023
435,A=73|t=73,2239,5776,2175700070,1052300893,1.3672162140345736,1.0479324031112756
436,A=10|t=10,2257,5776,312040458,151537237,1.355664323695335,1.042060747284427
437,A=26|t=61,119,304,115062594,55928453,1.353109750135642,1.0407645696272003
438,A=29|t=40,2271,5776,730300834,355780159,1.3467430361802832,1.0375048208931488
439,A=65|t=89,2275,5776,2192778258,1069220425,1.3442041969137501,1.0362006262973544
440,A=100|t=85,2283,5776,2196474898,1072980321,1.3391398826624694,1.0335663953733931
441,A=106|t=117,2295,5776,2202019858,1078620165,1.3315765885860007,1.0296405686467802
442,A=113|t=98,2303,5776,2205716498,1082380061,1.3265563310943254,1.0270402042773772
443,A=16|t=32,2307,5776,2207564818,1084260009,1.3240527382041885,1.025745037527769
444,A=68|t=106,2313,5776,2210337298,1087079931,1.3203054762509805,1.0238085190301751
445,A=72|t=74,2317,5776,2212185618,1088959879,1.3178126980223492,1.0225216417336038
446,A=97|t=80,2325,5776,2215882258,1092719775,1.312840026004415,1.0199577518681684
447,A=61|t=49,2327,5776,2216797754,1093659749,1.3115995314818225,1.0193131864694278
448,A=61|t=82,2331,5776,739540990,365179899,1.3091217377583049,1.0180227570949736
449,A=85|t=49,2333,5776,317074242,156639953,1.3078844349029717,1.0173684455418108
450,A=5|t=5,2357,5776,2230196630,1107759359,1.2931189836370036,1.0095263984028662
451,A=61|t=64,2361,5776,2231959754,1109639307,1.2906727006585283,1.0082202145893464
452,A=18|t=26,2363,5776,2232837706,1110579281,1.2894511129133241,1.0075660062266163
453,A=4|t=8,2367,5776,2234593610,1112459229,1.2870110361525564,1.0062600192567552
454,A=34|t=34,2383,5776,2241582570,1119979021,1.2772917906969,1.0010459343314952
455,A=68|t=85,2391,5776,2245068386,1123738917,1.272456612175543,0.9984525038390506
456,A=37|t=65,2395,5776,320971598,160802695,1.2700450862636283,0.9971540565910589
457,A=74|t=68,2399,5776,2248510882,1127498813,1.2676375845937364,0.9958439515077647
458,A=100|t=89,2407,5776,2251837858,1131258709,1.2628346004126743,0.9931740520843766
459,A=113|t=100,2415,5776,2255164834,1135018605,1.2580475531640354,0.9905169403943284
460,A=130|t=113,2423,5776,2258491810,1138778501,1.2532763374358245,0.9878725203106148
461,A=16|t=17,2431,5776,2261818786,1142538397,1.2485208488584423,0.9852406967076252
462,A=26|t=17,2439,5776,2265145762,1146298293,1.243780984090987,0.9826213754476846
463,A=26|t=41,2443,5776,2266809250,1148178241,1.2414168786199147,0.9813163740452114
464,A=26|t=50,2445,5776,2267640994,1149118215,1.240236277047575,0.9806650330857254
465,A=45|t=45,2461,5776,324899278,165234001,1.230826084429011,0.9754819500289075
466,A=45|t=52,2469,5776,2277621922,1160397903,1.226143905744389,0.9729086906282904
467,A=50|t=82,2475,5776,325731022,166173975,1.2226422170328368,0.9709866707533679
468,A=61|t=81,2477,5776,2280948898,1164157799,1.221476873640808,0.9703474995078109
469,A=65|t=52,2485,5776,2284275874,1167917695,1.2168248904375225,0.9677982879601599
470,A=85|t=65,131,304,17187514,8795471,1.2145045119061353,0.9665281470522692
471,A=90|t=80,2493,5776,2287602850,1171677591,1.2121878593956703,0.9652609681807316
472,A=128|t=128,2501,5776,2290903834,1175437487,1.207565684706201,0.9627190849053394
473,A=73|t=97,2507,5776,2293364410,1178257409,1.2041087460532318,0.9608108606577603
474,A=4|t=5,2519,5776,208928750,107627023,1.1972196201529297,0.9569706752556228
475,A=128|t=17,2521,5776,2299007562,1184837227,1.1960746240286313,0.9563223362253255
476,A=53|t=40,2529,5776,2302149706,1188597123,1.1915037052239323,0.9537218592061206
477,A=5|t=2,2545,5776,2308433994,1196116915,1.1824050859241133,0.9485560680849143
478,A=85|t=50,2549,5776,2310005066,1197996863,1.1801393688649693,0.9472718851940299
479,A=100|t=17,2551,5776,2310767498,1198936837,1.1790078432846987,0.9466164518083706
480,A=113|t=17,2559,5776,330545318,171813819,1.1744905948477247,0.9440020025899454
481,A=26|t=52,2567,5776,2316866954,1206456629,1.1699874463117528,0.9413991469380333
482,A=0|t=2,2571,5776,110397410,57539837,1.167741132053515,0.9400732865840293
483,A=100|t=106,2575,5776,2319824266,1210216525,1.165498309929228,0.9387503314795725
484,A=100|t=2,2583,5776,258086842,134886269,1.1610230987691708,0.9361130966962244
485,A=106|t=2,2591,5776,2325738890,1217736317,1.1565617267070767,0.9334873624297362
486,A=10|t=16,2595,5776,775739182,406538755,1.1543362036419278,0.9321787831527077
487,A=10|t=2,137,304,122640782,64388219,1.1498954304830589,0.9295701510547891
488,A=113|t=2,2611,5776,2333132170,1227136057,1.145468284574329,0.9269728224422797
489,A=117|t=2,2619,5776,259565498,136766217,1.1410546825365748,0.9243867198231637
490,A=128|t=2,2623,5776,2337568138,1232775901,1.1388529346221867,0.9230978542476226
491,A=130|t=2,2631,5776,780175150,412178599,1.1344594937212817,0.9205284469385399
492,A=13|t=2,2639,5776,2343482762,1240295693,1.1300793915609026,0.9179700751127639
493,A=16|t=2,2643,5776,781653806,414058547,1.1278943172456013,0.9166950040596147
494,A=17|t=2,2651,5776,2347918730,1245935537,1.123534072019912,0.9141530451685308
495,A=18|t=2,2655,5776,37292022,19806595,1.121358881195655,0.9128861388608625
496,A=20|t=2,2663,5776,2352354698,1251575381,1.1170183136765568,0.9103604266736366
497,A=25|t=2,2675,5776,2356790666,1257215225,1.1105318507112993,0.9065919732126072
498,A=25|t=36,2681,5776,2359008650,1260035147,1.1072995229046099,0.9047167323127601
499,A=26|t=2,2689,5776,2361965962,1263795043,1.103000987014298,0.902225662153773
500,A=29|t=2,2697,5776,112615394,60359759,1.0987152206515673,0.8997450998905728
501,A=32|t=2,2701,5776,2366401930,1269434887,1.0965771023782038,0.8985087373223679
502,A=32|t=81,2703,5776,789047086,423458287,1.0955092303524763,0.8978915318715508
503,A=34|t=2,2711,5776,338585510,182019251,1.0912456290494594,0.8954291904016455
504,A=36|t=2,2715,5776,790525742,425338235,1.089118544195447,0.8942018928124353
505,A=37|t=2,2723,5776,2374534538,1279774601,1.0848737598433749,0.8917550011864842
506,A=40|t=2,2731,5776,2377491850,1283534497,1.0806414281218846,0.8893183244379236
507,A=41|t=2,2739,5776,113354722,61299733,1.076421476181793,0.8868917952811004
508,A=45|t=2,2747,5776,2383406474,1291054289,1.0722138318113148,0.8844753470470373
509,A=49|t=100,2749,5776,2384145802,1291994263,1.0711638353742177,0.8838728023780561
510,A=49|t=2,2753,5776,340803494,184839173,1.0690661322916097,0.8826695867153593
511,A=50|t=2,2765,5776,2390060426,1299514055,1.0627912617651016,0.8790748557002047
512,A=50|t=52,2769,5776,797179694,433798001,1.0607056885202406,0.8778815569935234
513,A=52|t=2,2777,5776,2394496394,1305153899,1.056543565068325,0.8755023287671646
514,A=53|t=2,2785,5776,2397453706,1308913795,1.0523934146597769,0.8731328729858053
515,A=58|t=2,147,304,42112474,23029363,1.0482551686072212,0.8707731263876992
516,A=61|t=2,2801,5776,2403368330,1316433587,1.0441287588126646,0.8684230262804414
517,A=64|t=2,2805,5776,801615662,439437845,1.0420699713910158,0.8672515742235509
518,A=64|t=65,2813,5776,2407804298,1322073431,1.0379611895724712,0.8649158275334595
519,A=65|t=2,2829,5776,804572974,443197741,1.0297785654909184,0.860272750024389
520,A=68|t=2,2837,5776,345239462,190479017,1.025704591612812,0.8579652982431452
521,A=72|t=2,2841,5776,806051630,445077689,1.0236719106976297,0.8568150678997325
522,A=73|t=2,2849,5776,2421112202,1338992963,1.01961512056332,0.8545215612572249
523,A=74|t=2,2857,5776,2424069514,1342752859,1.015569705950799,0.8522372776555339
524,A=74|t=80,2861,5776,2425548170,1344632807,1.013551244563988,0.8510985762347609
525,A=80|t=2,151,304,127816078,70968037,1.0095227741185064,0.8488280179140802
526,A=81|t=2,2873,5776,2429984138,1350272651,1.0075127493546472,0.8476961466139903
527,A=82|t=2,2881,5776,2432941450,1354032547,1.0035010817273007,0.8454391839705101
528,A=85|t=2,2897,5776,2438856074,1361552339,0.9955110576167676,0.8409521801984982
529,A=89|t=2,2905,5776,2441813386,1365312235,0.9915325785952798,0.8387220268580943
530,A=90|t=2,2913,5776,814923566,456357377,0.9875650407468225,0.8365006985516387
531,A=97|t=2,2921,5776,349675430,196118861,0.9836083840579923,0.8342881403822018
532,A=98|t=100,2925,5776,272134074,152745775,0.9816341175290416,0.8331851330732978
533,A=98|t=2,2929,5776,2450685322,1376591923,0.9796625490078043,0.8320842979267392
534,A=9|t=2,2933,5776,2452163978,1378471871,0.9776936711302152,0.8309856282128232
535,A=130|t=130,2957,5776,2461024362,1389751559,0.9659364987668468,0.8244319388141128
536,A=4|t=4,2965,5776,492791714,278702291,0.962038637453805,0.8222531363850691
537,A=45|t=58,2973,5776,822293742,465757117,0.9581512789795268,0.8200760349808492
538,A=8|t=8,2981,5776,2469792330,1401031247,0.954274366896002,0.8179006070013387
539,A=80|t=80,3001,5776,2476908362,1410430987,0.9446274232888827,0.8124044183309347
540,A=130|t=117,3013,5776,2481090186,1416070831,0.9388700692927079,0.8090807472489143
541,A=36|t=61,3017,5776,2482476426,1417950779,0.9369560457404686,0.8079725642471554
542,A=40|t=26,159,304,43576538,24909311,0.9350445581592302,0.8068664673524458
543,A=41|t=61,3025,5776,355035558,203101525,0.9331355998378517,0.8057624503556424
544,A=50|t=32,3027,5776,828647342,474216883,0.9321820670596576,0.8052112198856473
545,A=50|t=36,3031,5776,2487328266,1424530597,0.9302768901028419,0.8041103111498827
546,A=65|t=64,3039,5776,118576226,68013833,0.9264740673648766,0.8019146810211883
547,A=106|t=41,3049,5776,2493473930,1432990363,0.9217345918774227,0.7991282119150444
548,A=18|t=25,161,304,131410574,75667907,0.9170106353289686,0.7963279219562011
549,A=145|t=145,3087,5776,2506036730,1450849869,0.9038652592720464,0.7885093198584164
550,A=106|t=50,3091,5776,2507330554,1452729817,0.9019970880289476,0.787385795238748
551,A=29|t=29,3107,5776,2512505850,1460249609,0.8945485007653303,0.7829119569186276
552,A=37|t=100,3109,5776,2513152762,1461189583,0.893620125546107,0.782354994408265
553,A=41|t=81,3115,5776,2515093498,1464009505,0.8908385789758069,0.7806871126018337
554,A=68|t=68,3131,5776,2520199482,1471529297,0.8834472337485012,0.776221666761041
555,A=85|t=74,3139,5776,2522752474,1475289193,0.8797657133050557,0.7740008737822309
556,A=74|t=65,3149,5776,360828886,211427009,0.8751769847517612,0.7711551502191603
557,A=53|t=89,3153,5776,2527010830,1481869011,0.8733455722038362,0.7700139202068221
558,A=8|t=26,3155,5776,361087362,211829855,0.8724307370172596,0.7694419920164611
559,A=90|t=90,3179,5776,2534635150,1494088673,0.8614977257491949,0.762512318833983
560,A=50|t=64,3185,5776,507269258,299381719,0.8587773697435083,0.7607656020794641
561,A=25|t=25,3213,5776,848098022,503356077,0.8461497614157589,0.7526516871332266
562,A=1|t=2,3229,5776,2548822450,1517588023,0.8389833012731902,0.7480506813018061
563,A=100|t=117,3237,5776,2551040434,1521347919,0.835413376677998,0.7457356432759603
564,A=13|t=16,3239,5776,32298670,19269467,0.8345222740919842,0.7451580918553645
565,A=13|t=26,3247,5776,2553812914,1526047789,0.8309633576010829,0.7428526990071012
566,A=20|t=17,3255,5776,2556030898,1529807685,0.8274131988341731,0.7405549756711994
567,A=20|t=20,3271,5776,2560466866,1537327477,0.8203389828043927,0.7359823734146864
568,A=41|t=52,3279,5776,2562684850,1541087373,0.8168148404941102,0.7337074132074818
569,A=58|t=58,3295,5776,2567120818,1548607165,0.809792276991757,0.7291799737096384
570,A=61|t=52,3303,5776,2569338802,1552367061,0.8062937726016457,0.726927414952584
571,A=74|t=89,3311,5776,2571556786,1556126957,0.8028037314901716,0.7246822443744003
572,A=89|t=89,3327,5776,2575992754,1563646749,0.7958488760043049,0.7202139120660724
573,A=64|t=64,3335,5776,112095554,68148115,0.7923839808152237,0.7179834009958378
574,A=40|t=53,3343,5776,2580392622,1571166541,0.7889273872697677,0.715754484958768
575,A=50|t=49,3351,5776,2582581726,1574926437,0.7854790556827,0.7135295604472249
576,A=53|t=117,3357,5776,287135790,175305151,0.7828982051896208,0.7118647787721561
577,A=36|t=50,1681,2888,1292781071,790048147,0.7807510176510037,0.7104654977109055
578,A=74|t=53,1685,2888,258768771,158385619,0.7773221508179503,0.7082221705958114
579,A=65|t=65,851,1444,649139731,399958937,0.7628397052012084,0.698677170991968
580,A=50|t=100,853,1444,649659571,400898911,0.7594530955688809,0.6964454289807559
581,A=37|t=52,1707,2888,1299573286,802267809,0.7586076838594328,0.6958821776914086
582,A=40|t=40,1715,2888,1301606438,806027705,0.7518621658269963,0.6913919585743455
583,A=81|t=82,1721,2888,1303131302,808847627,0.7468236448469676,0.6880426011122878
584,A=85|t=85,218,361,654470979,409828664,0.7276707021102446,0.6753083285957955
585,A=100|t=37,1745,2888,1309187438,820127315,0.7268437057901564,0.6747518710658958
586,A=58|t=97,1751,2888,1310631438,822947237,0.7218916584536131,0.6713902022620779
587,A=100|t=100,1759,2888,1312479758,826707133,0.71531525941521,0.6668469328472759
588,A=117|t=117,1771,2888,1315252238,832346977,0.7055065301352569,0.6600825358183036
589,A=37|t=49,1773,2888,1315714318,833286951,0.7038782059884824,0.6589609764039263
590,A=40|t=37,1777,2888,1316638478,835166899,0.7006270608584929,0.656722827028755
591,A=50|t=37,1781,2888,188223234,119578121,0.6973832257855522,0.6544912769294944
592,A=61|t=72,1785,2888,1318486798,838926795,0.694146667970709,0.6522662943039509
593,A=100|t=113,1789,2888,188486042,120115249,0.6909173548352626,0.6500383739838339
594,A=16|t=41,1791,2888,146649030,93527413,0.6893054049012098,0.6489063407295054
595,A=113|t=113,1801,2888,1321966838,846446587,0.681272560980895,0.6431950485260685
596,A=41|t=32,5,8,523466,335705,0.6780719051126377,0.640901809984561
597,A=4|t=2,3619,5776,2647468588,1700882953,0.6744796345146322,0.6383297021289819
598,A=50|t=61,3627,5776,2649132076,1704642849,0.6712939969168912,0.6360502706507233
599,A=52|t=61,3635,5776,2650795564,1708402745,0.6681153780802143,0.6337772890717605
600,A=53|t=50,3643,5776,2652459052,1712162641,0.664943747144389,0.6315107272456276
601,A=72|t=49,3647,5776,2653290796,1714042589,0.6633605425510586,0.6303798443743139
602,A=40|t=50,3651,5776,379159744,245131791,0.6617790734522865,0.6292482004907995
603,A=50|t=65,3661,5776,2656151360,1720622407,0.6578329685826254,0.6264068299151477
604,A=37|t=74,3669,5776,885922880,574794101,0.6546838376386281,0.6241358611970663
605,A=53|t=97,3675,5776,2658935392,1727202225,0.6523264922760817,0.6224117154037409
606,A=81|t=162,921,1444,665156218,432858027,0.6487976807958356,0.6197992971510056
607,A=128|t=16,97,152,70026172,45588739,0.6480146712564577,0.6192167199911593
608,A=16|t=50,3687,5776,2661179368,1732842069,0.6476233257933532,0.6189255802765756
609,A=49|t=72,461,722,332670525,216664007,0.647232086457833,0.618634539730036
610,A=53|t=53,463,722,333040189,217603981,0.6409866436269347,0.6139913318134783
611,A=53|t=68,232,361,333225021,218073968,0.6378740317595989,0.6116791706154433
612,A=58|t=106,1859,2888,1333454580,873705833,0.6355439719676894,0.60994915751029
613,A=68|t=65,1863,2888,1334193908,875585781,0.6324430679455334,0.6076479277115538
614,A=72|t=50,933,1444,667374202,438497871,0.6301217560354123,0.6059260807185317
615,A=74|t=40,467,722,333779517,219483929,0.628576287177509,0.6047801168011162
616,A=89|t=80,234,361,333964349,219953916,0.6254903073037664,0.6024928150738469
617,A=8|t=16,937,1444,95444790,62911117,0.6239497892279843,0.6013514703264374
618,A=8|t=25,1875,2888,1336411892,881225625,0.6231801466165653,0.6007813729697364
619,A=36|t=49,1877,2888,1336780112,882165599,0.6216420920562967,0.599640767728874
620,A=72|t=98,939,1444,222827250,147105931,0.6208736792333965,0.5990702594151315
621,A=2|t=2,1885,2888,267646844,177185099,0.6155062187311444,0.5950733604728939
622,A=36|t=98,3771,5776,892215832,590773659,0.615123591745507,0.5947872466980393
623,A=50|t=113,3775,5776,2677294408,1774200925,0.6135940977873673,0.5936063918381821
624,A=50|t=98,3777,5776,892539288,591713633,0.6128299584469983,0.5930165404577309
625,A=162|t=1,3791,5776,2679824296,1781720717,0.6074922857165268,0.5888671992441911
626,A=100|t=26,3795,5776,382911256,254800095,0.6059708565843425,0.5876442545608653
627,A=17|t=17,3811,5776,2682596776,1791120457,0.5999011340750028,0.5827678526846096
628,A=18|t=32,3813,5776,2682874024,1792060431,0.5991442111610559,0.5821600254716598
629,A=29|t=17,3817,5776,2683428520,1793940379,0.597631555671613,0.580945515167167
630,A=37|t=61,3821,5776,2683983016,1795820327,0.5961204845296598,0.5797325276086593
631,A=53|t=65,3825,5776,2684537512,1797700275,0.5946109944197944,0.5785210595061852
632,A=68|t=82,3829,5776,2685092008,1799580223,0.5931030820370103,0.5773111075801723
633,A=85|t=61,3833,5776,2685646504,1801460171,0.591596744086653,0.5761026685613858
634,A=89|t=117,3837,5776,383743000,257620017,0.5900919772843779,0.5748957391908837
635,A=98|t=37,3839,5776,2686478248,1804280093,0.5893401820402214,0.5742928396081239
636,A=98|t=72,3841,5776,2686755496,1805220067,0.5885887783561059,0.5736903162199747
637,A=9|t=17,3845,5776,2687309992,1807100015,0.5870871440379822,0.5724863964101754
638,A=113|t=26,3849,5776,895947128,602993321,0.5855870710763323,0.571271575547318
639,A=61|t=50,3861,5776,2689402348,1814619807,0.5810961879453129,0.5676182944285199
640,A=36|t=85,3865,5776,384272948,259499965,0.5796023280749613,0.5663970733063901
641,A=82|t=82,3889,5776,2692683116,1827779443,0.5706715074529626,0.558952466835036
642,A=5|t=1,3909,5776,2694901100,1837179183,0.5632711575978804,0.5527399869305872
643,A=50|t=85,3913,5776,2695322748,1839059131,0.5617956319863767,0.5514901697486388
644,A=36|t=72,3917,5776,2695738620,1840939079,0.5603216139364247,0.5502387336476868
645,A=145|t=1,3935,5776,2697459868,1849398845,0.5537071064923222,0.5445451031353635
646,A=113|t=16,3939,5776,2697829532,1851278793,0.5522413252731277,0.5432770174912869
647,A=113|t=25,3941,5776,2698014364,1852218767,0.5515089927493373,0.5426435225969911
648,A=162|t=0,3947,5776,2698568860,1855038689,0.5493142229940675,0.5407452251090813
649,A=34|t=52,3951,5776,2698938524,1856918637,0.5478528959095005,0.5394815123610909
650,A=37|t=50,3959,5776,2699677852,1860678533,0.5449346748570744,0.536958438795195
651,A=37|t=85,3963,5776,2700047516,1862558481,0.5434777749191871,0.5356990720220828
652,A=50|t=81,3969,5776,2700602012,1865378403,0.541295179887338,0.5338127260351149
653,A=52|t=52,3985,5776,386011524,267556885,0.5354910180093368,0.5287982643331176
654,A=53|t=106,3997,5776,2703189660,1878538039,0.531153169466724,0.5250524073780289
655,A=72|t=85,4005,5776,2703928988,1882297935,0.5282684995910985,0.5225622636503481
656,A=74|t=100,211,304,142331508,99167257,0.5268283247364004,0.5213193114186332
657,A=74|t=50,4013,5776,386381188,269436833,0.5253895861071757,0.5200777684548953
658,A=74|t=52,4017,5776,2705037980,1887937779,0.5239522808417043,0.5188376319047826
659,A=74|t=74,4033,5776,2706516636,1895457571,0.5182173364812948,0.5138910930517899
660,A=61|t=61,4053,5776,2708083376,1904857311,0.5110805668403304,0.507589224635823
661,A=25|t=61,4057,5776,2708360624,1906737259,0.5096574396808982,0.5063137900640167
662,A=32|t=32,4065,5776,541783024,382099431,0.5068153899247809,0.503767080131822
663,A=34|t=32,4069,5776,2709192368,1912377103,0.5053964618134604,0.5024957992629868
664,A=37|t=72,4071,5776,2709330992,1913317077,0.5046875207471607,0.5018606761519137
665,A=64|t=82,4075,5776,541921648,383039405,0.5032706828813687,0.5005914628664764
666,A=72|t=37,4077,5776,2709746864,1916136999,0.5025627853986235,0.4999573720096319
667,A=25|t=32,2043,2888,1355168008,960183441,0.49938153815394354,0.4970897608073872
668,A=16|t=26,2045,2888,193608632,137303345,0.49796989905805983,0.49577650328349127
669,A=26|t=36,2047,2888,1355352840,962063389,0.4965596398637603,0.4944646189527117
670,A=26|t=37,2051,2888,1355537672,963943337,0.493743250407319,0.4918449591015645
671,A=36|t=37,2055,2888,1355722504,965823285,0.4909323483181257,0.48923075979476816
672,A=50|t=50,2067,2888,104329000,74727933,0.4825323534617235,0.4814207124212914
673,A=85|t=72,109,152,71392728,51228583,0.4797431886666592,0.4788281431901381
674,A=25|t=41,2075,2888,271324712,195044605,0.4769594057655214,0.4762163594339867
675,A=85|t=37,2079,2888,1356762184,977102973,0.474180984028801,0.4735853492165937
676,A=85|t=82,2085,2888,1356900808,979922895,0.4700233585551451,0.4695751202016075
677,A=106|t=97,2091,2888,1356993224,982742817,0.4658776802975917,0.4655276978843219
678,A=1|t=1,2103,2888,452384984,329460887,0.45762189215539173,0.45744384153708584
679,A=25|t=72,4207,5776,387760208,282462187,0.45727892411838145,0.4571070135423836
680,A=85|t=36,4211,5776,2714367664,1979115257,0.45590786671807687,0.4557605160499971
681,A=41|t=41,4231,5776,2714552496,1988514997,0.4490720565308207,0.44902294131363774
682,A=162|t=162,4249,5776,5776,4249,0.44294739857388477,0.44294739857388493
683,A=0|t=0,4253,5776,5776,4253,0.44158988726140747,0.44158988726140724
684,A=0|t=1,4261,5776,5776,4261,0.4388786907089516,0.43887869070895164
685,A=100|t=0,4269,5776,5776,4269,0.4361725796395323,0.43617257963953254
686,A=100|t=1,4285,5776,5776,4285,0.43077553788730877,0.4307755378873089
687,A=106|t=0,4293,5776,5776,4293,0.4280845694393471,0.42808456943934714
688,A=106|t=1,4309,5776,5776,4309,0.4227176437767884,0.42271764377678833
689,A=106|t=106,4333,5776,5776,4333,0.41470450561530214,0.41470450561530214
690,A=10|t=0,4341,5776,5776,4341,0.41204331963429014,0.4120433196342903
691,A=10|t=1,4357,5776,5776,4357,0.4067356289720032,0.40673562897200316
692,A=113|t=0,4365,5776,5776,4365,0.4040890883703686,0.40408908837036855
693,A=113|t=1,4381,5776,5776,4381,0.3988105275642204,0.3988105275642203
694,A=117|t=0,231,304,304,231,0.39617847202752804,0.39617847202752804
695,A=117|t=1,4405,5776,5776,4405,0.39092872307939497,0.390928723079395
696,A=117|t=106,4417,5776,5776,4417,0.38700390984701794,0.38700390984701777
697,A=128|t=0,4421,5776,5776,4421,0.3856980079331047,0.3856980079331046
698,A=128|t=1,4429,5776,5776,4429,0.38308974500185466,0.3830897450018547
699,A=130|t=0,4437,5776,5776,4437,0.38048618906694714,0.380486189066947
700,A=130|t=1,4453,5776,5776,4453,0.3752931304442676,0.3752931304442675
701,A=13|t=0,4461,5776,5776,4461,0.37270359411359605,0.3727035941135962
702,A=13|t=1,4477,5776,5776,4477,0.3675384239836266,0.36753842398362657
703,A=145|t=0,4485,5776,5776,4485,0.36496275708054743,0.36496275708054743
704,A=145|t=162,4497,5776,5776,4497,0.3611078582181551,0.3611078582181552
705,A=16|t=0,4501,5776,5776,4501,0.3598251775016196,0.35982517750161963
706,A=16|t=1,4509,5776,5776,4509,0.3572632322496503,0.35726323224965023
707,A=16|t=16,4517,5776,5776,4517,0.3547058284496551,0.35470582844965487
708,A=17|t=0,4525,5776,5776,4525,0.352152950029241,0.3521529500292409
709,A=17|t=1,239,304,304,239,0.3470607054628369,0.3470607054628369
710,A=17|t=16,4549,5776,5776,4549,0.3445213075955167,0.34452130759551663
711,A=17|t=26,4557,5776,5776,4557,0.34198637166393137,0.34198637166393137
712,A=18|t=0,4561,5776,5776,4561,0.3407205720294163,0.34072057202941625
713,A=18|t=1,4569,5776,5776,4569,0.3381922996787225,0.33819229967872266
714,A=1|t=0,2289,2888,2888,2289,0.3353532793314844,0.3353532793314844
715,A=20|t=0,2293,2888,2888,2293,0.3328343873063774,0.33283438730637754
716,A=20|t=1,2301,2888,2888,2301,0.3278097586630813,0.32780975866308126
717,A=25|t=0,2307,2888,2888,2307,0.3240527382041884,0.3240527382041882
718,A=25|t=1,2319,2888,2888,2319,0.31656792224116737,0.31656792224116753
719,A=25|t=16,2321,2888,2888,2321,0.3153242195426887,0.31532421954268847
720,A=25|t=26,2325,2888,2888,2325,0.312840026004415,0.31284002600441496
721,A=26|t=0,2329,2888,2888,2329,0.31036010267630476,0.310360102676305
722,A=26|t=1,123,152,152,123,0.3054130081043456,0.3054130081043457
723,A=26|t=16,2339,2888,2888,2339,0.3041788805347435,0.30417888053474335
724,A=26|t=25,2343,2888,2888,2343,0.30171378802403537,0.30171378802403553
725,A=26|t=26,2351,2888,2888,2351,0.29679620323414957,0.29679620323414957
726,A=29|t=0,2355,2888,2888,2355,0.2943436823870254,0.2943436823870254
727,A=29|t=1,2363,2888,2888,2363,0.28945111291332415,0.2894511129133242
728,A=29|t=26,2367,2888,2888,2367,0.2870110361525563,0.2870110361525562
729,A=29|t=37,2369,2888,2888,2369,0.2857925436469397,0.2857925436469397
730,A=2|t=0,593,722,722,593,0.28396673234116726,0.28396673234116726
731,A=2|t=1,2381,2888,2888,2381,0.27850312161683694,0.2785031216168368
732,A=32|t=0,2383,2888,2888,2383,0.27729179069689996,0.2772917906968999
733,A=32|t=1,2387,2888,2888,2387,0.27487217580539436,0.2748721758053943
734,A=32|t=41,2391,2888,2888,2391,0.272456612175543,0.27245661217554307
735,A=34|t=0,2395,2888,2888,2395,0.2700450862636284,0.2700450862636283
736,A=34|t=1,2403,2888,2888,2403,0.2652340937573047,0.26523409375730456
737,A=34|t=41,2407,2888,2888,2407,0.2628346004126742,0.2628346004126742
738,A=36|t=0,2409,2888,2888,2409,0.26163634864870033,0.2616363486487004
739,A=36|t=1,127,152,152,127,0.2592428266714197,0.25924282667141973
740,A=36|t=25,2415,2888,2888,2415,0.25804755316403544,0.2580475531640356
741,A=36|t=26,2417,2888,2888,2417,0.2568532691215884,0.25685326912158846
742,A=36|t=36,2421,2888,2888,2421,0.2544676628882345,0.2544676628882346
743,A=37|t=0,2425,2888,2888,2425,0.2520859949253187,0.25208599492531863
744,A=37|t=1,2433,2888,2888,2433,0.24733442194874175,0.24733442194874186
745,A=37|t=25,2435,2888,2888,2435,0.24614896991746651,0.24614896991746646
746,A=37|t=26,2439,2888,2888,2439,0.24378098409098714,0.243780984090987
747,A=37|t=36,2443,2888,2888,2443,0.24141687861991473,0.24141687861991476
748,A=37|t=37,129,152,152,129,0.23670025802033132,0.23670025802033148
749,A=40|t=0,2455,2888,2888,2455,0.23434771768511556,0.23434771768511561
750,A=40|t=1,2463,2888,2888,2463,0.22965411438821,0.2296541143882099
751,A=41|t=0,2467,2888,2888,2467,0.22731302658704797,0.227313026587048
752,A=41|t=1,2475,2888,2888,2475,0.22264221703283676,0.22264221703283663
753,A=41|t=50,2479,2888,2888,2479,0.2203124708004487,0.22031247080044883
754,A=45|t=0,2483,2888,2888,2483,0.21798648071033008,0.21798648071033028
755,A=45|t=1,2491,2888,2888,2491,0.21334572064633442,0.21334572064633434
756,A=49|t=0,2493,2888,2888,2493,0.2121878593956704,0.2121878593956702
757,A=49|t=1,2497,2888,2888,2497,0.20987492095895868,0.20987492095895882
758,A=49|t=113,2499,2888,2888,2499,0.2087198408004672,0.2087198408004673
759,A=49|t=36,2501,2888,2888,2501,0.20756568470620096,0.20756568470620093
760,A=49|t=37,2503,2888,2888,2503,0.20641245119883916,0.20641245119883905
761,A=49|t=49,2507,2888,2888,2507,0.20410874605323184,0.20410874605323165
762,A=49|t=50,2511,2888,2888,2511,0.20180871361567096,0.20180871361567115
763,A=49|t=64,2513,2888,2888,2513,0.20066007100651556,0.20066007100651545
764,A=49|t=65,2515,2888,2888,2515,0.1995123421942815,0.1995123421942815
765,A=49|t=85,2517,2888,2888,2517,0.1983655257261916,0.19836552572619165
766,A=49|t=98,2519,2888,2888,2519,0.19721962015292974,0.19721962015292993
767,A=4|t=0,2521,2888,2888,2521,0.19607462402863127,0.19607462402863127
768,A=4|t=1,7,8,8,7,0.19264507794239588,0.19264507794239583
769,A=50|t=0,2533,2888,2888,2533,0.18922366517466996,0.18922366517467
770,A=50|t=1,2545,2888,2888,2545,0.18240508592411336,0.1824050859241134
771,A=50|t=41,2549,2888,2888,2549,0.18013936886496923,0.18013936886496912
772,A=52|t=0,2553,2888,2888,2553,0.1778772044800522,0.1778772044800522
773,A=52|t=1,2561,2888,2888,2561,0.17336348928970247,0.1733634892897027
774,A=52|t=41,135,152,152,135,0.17111191639275453,0.1711119163927547
775,A=52|t=50,2567,2888,2888,2567,0.16998744631175272,0.16998744631175255
776,A=53|t=0,2571,2888,2888,2571,0.167741132053515,0.16774113205351493
777,A=53|t=1,2579,2888,2888,2579,0.16325896909795684,0.16325896909795676
778,A=58|t=0,2583,2888,2888,2583,0.16102309876917076,0.1610230987691708
779,A=58|t=1,2591,2888,2888,2591,0.15656172670707663,0.15656172670707655
780,A=5|t=0,2595,2888,2888,2595,0.15433620364192782,0.15433620364192777
781,A=61|t=0,2599,2888,2888,2599,0.15211410841497044,0.1521141084149703
782,A=61|t=1,2607,2888,2888,2607,0.1476801593516147,0.14768015935161455
783,A=61|t=41,2609,2888,2888,2609,0.1465737980697189,0.14657379806971899
784,A=64|t=0,2611,2888,2888,2611,0.145468284574329,0.14546828457432906
785,A=64|t=1,2615,2888,2888,2615,0.1432597957528672,0.14325979575286715
786,A=64|t=81,2617,2888,2888,2617,0.14215681783913622,0.14215681783913628
787,A=65|t=0,2625,2888,2888,2625,0.13775331944632374,0.13775331944632363
788,A=65|t=1,139,152,152,139,0.12898644072007803,0.12898644072007817
789,A=65|t=81,2643,2888,2888,2643,0.12789431724560127,0.12789431724560124
790,A=65|t=82,2647,2888,2888,2647,0.12571254739177237,0.12571254739177237
791,A=68|t=0,2651,2888,2888,2651,0.12353407201991207,0.12353407201991212
792,A=68|t=1,2659,2888,2888,2659,0.11918696502950332,0.11918696502950343
793,A=72|t=0,2661,2888,2888,2661,0.11810223186495102,0.11810223186495089
794,A=72|t=1,2665,2888,2888,2665,0.11593520924063272,0.11593520924063279
795,A=72|t=36,1333,1444,1444,1333,0.11539396179819782,0.11539396179819786
796,A=72|t=61,1335,1444,1444,1335,0.1132310003122547,0.11323100031225473
797,A=72|t=72,1337,1444,1444,1337,0.11107127679381822,0.11107127679381831
798,A=73|t=0,1339,1444,1444,1339,0.10891478156286048,0.10891478156286043
799,A=73|t=1,1343,1444,1444,1343,0.10461143745972874,0.10461143745972858
800,A=74|t=0,1345,1444,1444,1345,0.10246456944318443,0.10246456944318448
801,A=74|t=1,71,76,76,71,0.0981803939389034,0.09818039393890331
802,A=74|t=37,2699,2888,2888,2699,0.09764576542031941,0.09764576542031933
803,A=74|t=61,2703,2888,2888,2703,0.09550923035247626,0.09550923035247628
804,A=74|t=72,2705,2888,2888,2705,0.09444214817299335,0.0944421481729934
805,A=74|t=85,2709,2888,2888,2709,0.09231034868515657,0.09231034868515668
806,A=80|t=0,2713,2888,2888,2713,0.09018169460530488,0.09018169460530473
807,A=80|t=1,2721,2888,2888,2721,0.0859337856374924,0.08593378563749236
808,A=80|t=106,2723,2888,2888,2723,0.08487375984337492,0.08487375984337496
809,A=80|t=97,2727,2888,2888,2727,0.0827560419719077,0.08275604197190758
810,A=81|t=0,2729,2888,2888,2729,0.08169834761303034,0.0816983476130303
811,A=81|t=1,2733,2888,2888,2733,0.079585282363964,0.07958528236396402
812,A=81|t=81,2739,2888,2888,2739,0.07642147618179285,0.07642147618179286
813,A=82|t=0,2743,2888,2888,2743,0.07431612003889376,0.07431612003889382
814,A=82|t=1,2751,2888,2888,2751,0.07011460257096036,0.07011460257096046
815,A=82|t=81,2757,2888,2888,2757,0.06697147487698037,0.06697147487698021
816,A=85|t=0,2765,2888,2888,2765,0.06279126176510154,0.06279126176510154
817,A=85|t=1,2781,2888,2888,2781,0.05446699754048407,0.05446699754048403
818,A=85|t=25,1391,1444,1444,1391,0.05394832234493194,0.05394832234493176
819,A=85|t=26,348,361,361,348,0.05291153103844267,0.052911531038442663
820,A=89|t=0,697,722,722,697,0.05084018101874789,0.05084018101874791
821,A=89|t=1,699,722,722,699,0.04670638151173461,0.046706381511734674
822,A=89|t=106,350,361,361,350,0.04464391505484225,0.04464391505484209
823,A=89|t=97,1401,1444,1444,1401,0.04361378645635288,0.043613786456352804
824,A=8|t=0,701,722,722,701,0.0425843928765479,0.04258439287654788
825,A=8|t=1,351,361,361,351,0.04052780658261022,0.040527806582610244
826,A=90|t=0,37,38,38,37,0.03847414781463567,0.03847414781463564
827,A=90|t=1,705,722,722,705,0.03437557960101508,0.03437557960101498
828,A=90|t=97,1413,1444,1444,1413,0.03130927655323156,0.031309276553231714
829,A=97|t=0,1415,1444,1444,1415,0.02926868916792628,0.029268689167926274
830,A=97|t=1,1419,1444,1444,1419,0.025196152826619612,0.025196152826619685
831,A=97|t=106,711,722,722,711,0.02214927726775565,0.022149277267755643
832,A=97|t=97,357,361,361,357,0.016074762858071297,0.016074762858071235
833,A=98|t=0,1429,1444,1444,1429,0.015064825791354456,0.01506482579135444
834,A=98|t=1,1431,1444,1444,1431,0.01304707016050322,0.013047070160503226
835,A=98|t=113,1433,1444,1444,1433,0.011032132625025295,0.011032132625025351
836,A=98|t=16,2867,2888,2888,2867,0.01052883764664736,0.010528837646647445
837,A=98|t=25,151,152,152,151,0.009522774118506536,0.009522774118506636
838,A=98|t=26,2871,2888,2888,2871,0.008517411679989288,0.008517411679989203
839,A=98|t=36,359,361,361,359,0.008014993064119565,0.008014993064119522
840,A=98|t=85,719,722,722,719,0.006007066447873123,0.006007066447873142
841,A=98|t=98,360,361,361,360,0.004001930557496238,0.004001930557496263
842,A=9|t=0,1441,1444,1444,1441,0.003000406712423504,0.003000406712423501
843,A=9|t=1,1443,1444,1444,1443,0.0009994423959729345,0.0009994423959727306
844,A=9|t=16,1,1,1,1,-0.0,0.0
