dataset,statistic,target_s,valid,zero,r_zero,status,gain_ci_low,gain_ci_high
n4q29d43,T_marg,2,10000,0,0,supported,0.12198090895610779,0.30316003531579017
n4q29d43,T_marg,4,10000,0,0,supported,0.020661314907660745,0.45724289393380291
n4q29d43,T_marg,6,10000,0,0,supported,-0.3002835178828081,0.60300567885430012
n4q29d43,T_marg,8,10000,0,0,supported,-inf,-0.77557352168229399
n4q29d43,T_marg,10,10000,0,0,supported,-inf,-0.77557352168229399
n4q29d43,S_u2,2,10000,0,0,supported,0.13607736450587934,0.48063427175548179
n4q29d43,S_u2,4,10000,0,0,supported,-1.3465407460051444,0.60391803362181562
n4q29d43,S_u2,6,8684,1316,0.13159999999999999,unsupported,-inf,-0.62038395448994565
n4q29d43,S_u2,8,8684,1316,0.13159999999999999,unsupported,-inf,-0.62038395448994565
n4q29d43,S_u2,10,8684,1316,0.13159999999999999,unsupported,-inf,-0.62038395448994565
n4q29d43,S_v2,2,10000,0,0,supported,-0.048470135065489084,0.24093070372197053
n4q29d43,S_v2,4,10000,0,0,supported,-3.591495044085073,-1.4459884432284051
n4q29d43,S_v2,6,10000,0,0,supported,-3.591495044085073,-1.4459884432284051
n4q29d43,S_v2,8,10000,0,0,supported,-3.591495044085073,-1.4459884432284051
n4q29d43,S_v2,10,10000,0,0,supported,-3.591495044085073,-1.4459884432284051
n4q29d43,S_2sum,2,10000,0,0,supported,-0.61623739619262885,-0.084742399262332055
n4q29d43,S_2sum,4,10000,0,0,supported,-inf,-inf
n4q29d43,S_2sum,6,10000,0,0,supported,-inf,-inf
n4q29d43,S_2sum,8,10000,0,0,supported,-inf,-inf
n4q29d43,S_2sum,10,10000,0,0,supported,-inf,-inf
n4q29d43,S_2max,2,10000,0,0,supported,-0.579182356810516,-0.013658127626473523
n4q29d43,S_2max,4,10000,0,0,supported,-inf,-inf
n4q29d43,S_2max,6,10000,0,0,supported,-inf,-inf
n4q29d43,S_2max,8,10000,0,0,supported,-inf,-inf
n4q29d43,S_2max,10,10000,0,0,supported,-inf,-inf
n4q29d43,S_u1,2,10000,0,0,supported,-0.038992673241581711,0.4783650449201346
n4q29d43,S_u1,4,10000,0,0,supported,-1.3725561225074305,0.68385987943357218
n4q29d43,S_u1,6,8684,1316,0.13159999999999999,unsupported,-inf,-0.62038395448994565
n4q29d43,S_u1,8,8684,1316,0.13159999999999999,unsupported,-inf,-0.62038395448994565
n4q29d43,S_u1,10,8684,1316,0.13159999999999999,unsupported,-inf,-0.62038395448994565
n4q29d43,S_v1,2,10000,0,0,supported,-0.69966595719327129,-0.19440877207606436
n4q29d43,S_v1,4,10000,0,0,supported,-3.591495044085073,-1.4459884432284051
n4q29d43,S_v1,6,10000,0,0,supported,-3.591495044085073,-1.4459884432284051
n4q29d43,S_v1,8,10000,0,0,supported,-3.591495044085073,-1.4459884432284051
n4q29d43,S_v1,10,10000,0,0,supported,-3.591495044085073,-1.4459884432284051
n4q29d43,S_1sum,2,10000,0,0,supported,0.036034656688198503,0.2673523899865532
n4q29d43,S_1sum,4,10000,0,0,supported,-0.58856376539332678,0.12137376449173508
n4q29d43,S_1sum,6,10000,0,0,supported,-3.1513098440866192,0.15198721631028311
n4q29d43,S_1sum,8,8636,1364,0.13639999999999999,unsupported,-inf,-inf
n4q29d43,S_1sum,10,8636,1364,0.13639999999999999,unsupported,-inf,-inf
n4q29d43,E_u_1_4,2,10000,0,0,supported,-0.72689613236233142,0.70047094041970759
n4q29d43,E_u_1_4,4,10000,0,0,supported,-0.72689613236233142,0.70047094041970759
n4q29d43,E_u_1_4,6,10000,0,0,supported,-0.72689613236233142,0.70047094041970759
n4q29d43,E_u_1_4,8,10000,0,0,supported,-0.72689613236233142,0.70047094041970759
n4q29d43,E_u_1_4,10,10000,0,0,supported,-0.72689613236233142,0.70047094041970759
n4q29d43,E_v_1_4,2,10000,0,0,supported,0.028888556774242284,0.26712654989749707
n4q29d43,E_v_1_4,4,10000,0,0,supported,0.028888556774242284,0.26712654989749707
n4q29d43,E_v_1_4,6,10000,0,0,supported,0.028888556774242284,0.26712654989749707
n4q29d43,E_v_1_4,8,10000,0,0,supported,0.028888556774242284,0.26712654989749707
n4q29d43,E_v_1_4,10,10000,0,0,supported,0.028888556774242284,0.26712654989749707
n4q29d43,E_sum_1_4,2,10000,0,0,supported,-0.76229293477625837,0.33391880788609934
n4q29d43,E_sum_1_4,4,10000,0,0,supported,-0.76229293477625837,0.33391880788609934
n4q29d43,E_sum_1_4,6,10000,0,0,supported,-0.76229293477625837,0.33391880788609934
n4q29d43,E_sum_1_4,8,10000,0,0,supported,-0.76229293477625837,0.33391880788609934
n4q29d43,E_sum_1_4,10,10000,0,0,supported,-0.76229293477625837,0.33391880788609934
n4q29d43,E_u_3_8,2,10000,0,0,supported,0.13349304334305473,0.49343508639493439
n4q29d43,E_u_3_8,4,10000,0,0,supported,-0.84969741432128976,1.2685802883992086
n4q29d43,E_u_3_8,6,10000,0,0,supported,-0.84969741432128976,1.2685802883992086
n4q29d43,E_u_3_8,8,10000,0,0,supported,-0.84969741432128976,1.2685802883992086
n4q29d43,E_u_3_8,10,10000,0,0,supported,-0.84969741432128976,1.2685802883992086
n4q29d43,E_v_3_8,2,10000,0,0,supported,0.028888556774242284,0.26712654989749707
n4q29d43,E_v_3_8,4,10000,0,0,supported,0.028888556774242284,0.26712654989749707
n4q29d43,E_v_3_8,6,10000,0,0,supported,0.028888556774242284,0.26712654989749707
n4q29d43,E_v_3_8,8,10000,0,0,supported,0.028888556774242284,0.26712654989749707
n4q29d43,E_v_3_8,10,10000,0,0,supported,0.028888556774242284,0.26712654989749707
n4q29d43,E_sum_3_8,2,10000,0,0,supported,-0.58150241775780886,0.42336807201664239
n4q29d43,E_sum_3_8,4,10000,0,0,supported,-0.58150241775780886,0.42336807201664239
n4q29d43,E_sum_3_8,6,10000,0,0,supported,-0.58150241775780886,0.42336807201664239
n4q29d43,E_sum_3_8,8,10000,0,0,supported,-0.58150241775780886,0.42336807201664239
n4q29d43,E_sum_3_8,10,10000,0,0,supported,-0.58150241775780886,0.42336807201664239
n4q29d43,B_u_mean,2,10000,0,0,supported,-0.12621445397547576,0.28592462079278985
n4q29d43,B_u_mean,4,10000,0,0,supported,-0.56093299503743566,0.45324966452467924
n4q29d43,B_u_mean,6,10000,0,0,supported,-1.2838146572613607,1.4582107662454493
n4q29d43,B_u_mean,8,10000,0,0,supported,-1.2838146572613607,1.4582107662454493
n4q29d43,B_u_mean,10,10000,0,0,supported,-1.2838146572613607,1.4582107662454493
n4q29d43,B_v_mean,2,10000,0,0,supported,-1.2564522465396761,-0.64352961901695827
n4q29d43,B_v_mean,4,10000,0,0,supported,-3.591495044085073,-1.4459884432284051
n4q29d43,B_v_mean,6,10000,0,0,supported,-3.591495044085073,-1.4459884432284051
n4q29d43,B_v_mean,8,10000,0,0,supported,-3.591495044085073,-1.4459884432284051
n4q29d43,B_v_mean,10,10000,0,0,supported,-3.591495044085073,-1.4459884432284051
n4q29d43,B_sum,2,10000,0,0,supported,-0.044329578444649791,0.2027301069156616
n4q29d43,B_sum,4,10000,0,0,supported,-0.12909509737280414,0.39448733742318298
n4q29d43,B_sum,6,10000,0,0,supported,-1.1679865506459424,0.80573588511852856
n4q29d43,B_sum,8,10000,0,0,supported,-3.4732770246277154,1.2979848125107618
n4q29d43,B_sum,10,10000,0,0,supported,-3.4732770246277154,1.2979848125107618
n4q29d43,B_u_low_1_4,2,10000,0,0,supported,0,0
n4q29d43,B_u_low_1_4,4,10000,0,0,supported,0,0
n4q29d43,B_u_low_1_4,6,10000,0,0,supported,0,0
n4q29d43,B_u_low_1_4,8,10000,0,0,supported,0,0
n4q29d43,B_u_low_1_4,10,10000,0,0,supported,0,0
n4q29d43,B_v_low_1_4,2,10000,0,0,supported,0,0
n4q29d43,B_v_low_1_4,4,10000,0,0,supported,0,0
n4q29d43,B_v_low_1_4,6,10000,0,0,supported,0,0
n4q29d43,B_v_low_1_4,8,10000,0,0,supported,0,0
n4q29d43,B_v_low_1_4,10,10000,0,0,supported,0,0
n4q29d43,B_sum_low_1_4,2,10000,0,0,supported,0,0
n4q29d43,B_sum_low_1_4,4,10000,0,0,supported,0,0
n4q29d43,B_sum_low_1_4,6,10000,0,0,supported,0,0
n4q29d43,B_sum_low_1_4,8,10000,0,0,supported,0,0
n4q29d43,B_sum_low_1_4,10,10000,0,0,supported,0,0
n4q29d43,B_u_low_3_8,2,10000,0,0,supported,-0.088984034514587959,0.52321225493197232
n4q29d43,B_u_low_3_8,4,10000,0,0,supported,-0.088984034514587959,0.52321225493197232
n4q29d43,B_u_low_3_8,6,10000,0,0,supported,-0.088984034514587959,0.52321225493197232
n4q29d43,B_u_low_3_8,8,10000,0,0,supported,-0.088984034514587959,0.52321225493197232
n4q29d43,B_u_low_3_8,10,10000,0,0,supported,-0.088984034514587959,0.52321225493197232
n4q29d43,B_v_low_3_8,2,10000,0,0,supported,0,0
n4q29d43,B_v_low_3_8,4,10000,0,0,supported,0,0
n4q29d43,B_v_low_3_8,6,10000,0,0,supported,0,0
n4q29d43,B_v_low_3_8,8,10000,0,0,supported,0,0
n4q29d43,B_v_low_3_8,10,10000,0,0,supported,0,0
n4q29d43,B_sum_low_3_8,2,10000,0,0,supported,-0.11869543331760385,0.23208797921076169
n4q29d43,B_sum_low_3_8,4,10000,0,0,supported,-0.11869543331760385,0.23208797921076169
n4q29d43,B_sum_low_3_8,6,10000,0,0,supported,-0.11869543331760385,0.23208797921076169
n4q29d43,B_sum_low_3_8,8,10000,0,0,supported,-0.11869543331760385,0.23208797921076169
n4q29d43,B_sum_low_3_8,10,10000,0,0,supported,-0.11869543331760385,0.23208797921076169
n4q29d43,C_u,2,10000,0,0,supported,0.0014008729893510115,0.032114258739384845
n4q29d43,C_u,4,10000,0,0,supported,0.0014008729893510115,0.032114258739384845
n4q29d43,C_u,6,10000,0,0,supported,0.0014008729893510115,0.032114258739384845
n4q29d43,C_u,8,10000,0,0,supported,0.0014008729893510115,0.032114258739384845
n4q29d43,C_u,10,10000,0,0,supported,0.0014008729893510115,0.032114258739384845
n4q29d43,C_v,2,10000,0,0,supported,0.050180977100971545,0.10432417340238948
n4q29d43,C_v,4,10000,0,0,supported,0.050180977100971545,0.10432417340238948
n4q29d43,C_v,6,10000,0,0,supported,0.050180977100971545,0.10432417340238948
n4q29d43,C_v,8,10000,0,0,supported,0.050180977100971545,0.10432417340238948
n4q29d43,C_v,10,10000,0,0,supported,0.050180977100971545,0.10432417340238948
n4q29d43,C_sum,2,10000,0,0,supported,0.021061944242673256,0.053979229124853471
n4q29d43,C_sum,4,10000,0,0,supported,0.021061944242673256,0.053979229124853471
n4q29d43,C_sum,6,10000,0,0,supported,0.021061944242673256,0.053979229124853471
n4q29d43,C_sum,8,10000,0,0,supported,0.021061944242673256,0.053979229124853471
n4q29d43,C_sum,10,10000,0,0,supported,0.021061944242673256,0.053979229124853471
n4q29d43,S_C,2,10000,0,0,supported,-0.082877170303291461,0.41825592959921959
n4q29d43,S_C,4,10000,0,0,supported,-1.2171364787114467,1.7835298189456366
n4q29d43,S_C,6,9822,178,0.0178,supported,-inf,-inf
n4q29d43,S_C,8,9822,178,0.0178,supported,-inf,-inf
n4q29d43,S_C,10,9822,178,0.0178,supported,-inf,-inf
n4q19d43,T_marg,2,10000,0,0,supported,0.088991181335063008,0.22538885656240332
n4q19d43,T_marg,4,10000,0,0,supported,0.024425736856756593,0.48615301999876259
n4q19d43,T_marg,6,10000,0,0,supported,-0.10135129616887775,1.3285524805058224
n4q19d43,T_marg,8,9529,471,0.047100000000000003,supported,-inf,4.3427892498680585
n4q19d43,T_marg,10,9529,471,0.047100000000000003,supported,-inf,4.3427892498680585
n4q19d43,S_u2,2,10000,0,0,supported,0.15840896296276655,0.31972657083265077
n4q19d43,S_u2,4,10000,0,0,supported,-0.10775925329666336,1.0530599035906196
n4q19d43,S_u2,6,6271,3729,0.37290000000000001,unsupported,2.9298471424783381,3.3157662732889119
n4q19d43,S_u2,8,6271,3729,0.37290000000000001,unsupported,2.9298471424783381,3.3157662732889119
n4q19d43,S_u2,10,6271,3729,0.37290000000000001,unsupported,2.9298471424783381,3.3157662732889119
n4q19d43,S_v2,2,10000,0,0,supported,-0.1290408647815906,-0.019658447722574794
n4q19d43,S_v2,4,10000,0,0,supported,-4.0491542514911902,-2.7125233073481669
n4q19d43,S_v2,6,10000,0,0,supported,-4.0491542514911902,-2.7125233073481669
n4q19d43,S_v2,8,10000,0,0,supported,-4.0491542514911902,-2.7125233073481669
n4q19d43,S_v2,10,10000,0,0,supported,-4.0491542514911902,-2.7125233073481669
n4q19d43,S_2sum,2,10000,0,0,supported,-0.8900757453162077,-0.55147898232188219
n4q19d43,S_2sum,4,10000,0,0,supported,-inf,-inf
n4q19d43,S_2sum,6,10000,0,0,supported,-inf,-inf
n4q19d43,S_2sum,8,10000,0,0,supported,-inf,-inf
n4q19d43,S_2sum,10,10000,0,0,supported,-inf,-inf
n4q19d43,S_2max,2,10000,0,0,supported,-0.6343852148924678,-0.31862530743145417
n4q19d43,S_2max,4,10000,0,0,supported,-inf,-inf
n4q19d43,S_2max,6,10000,0,0,supported,-inf,-inf
n4q19d43,S_2max,8,10000,0,0,supported,-inf,-inf
n4q19d43,S_2max,10,10000,0,0,supported,-inf,-inf
n4q19d43,S_u1,2,10000,0,0,supported,0.18868412926912428,0.40039554417098644
n4q19d43,S_u1,4,10000,0,0,supported,-0.11552813665764017,1.0999389021022341
n4q19d43,S_u1,6,6271,3729,0.37290000000000001,unsupported,2.9298471424783381,3.3157662732889119
n4q19d43,S_u1,8,6271,3729,0.37290000000000001,unsupported,2.9298471424783381,3.3157662732889119
n4q19d43,S_u1,10,6271,3729,0.37290000000000001,unsupported,2.9298471424783381,3.3157662732889119
n4q19d43,S_v1,2,10000,0,0,supported,-0.46579530378149042,-0.22630248338714778
n4q19d43,S_v1,4,10000,0,0,supported,-4.0491542514911902,-2.7125233073481669
n4q19d43,S_v1,6,10000,0,0,supported,-4.0491542514911902,-2.7125233073481669
n4q19d43,S_v1,8,10000,0,0,supported,-4.0491542514911902,-2.7125233073481669
n4q19d43,S_v1,10,10000,0,0,supported,-4.0491542514911902,-2.7125233073481669
n4q19d43,S_1sum,2,10000,0,0,supported,0.16741372268800458,0.27811837795664457
n4q19d43,S_1sum,4,10000,0,0,supported,0.14695779021346189,0.47570798938430658
n4q19d43,S_1sum,6,10000,0,0,supported,-0.67850661402903012,0.9884786630832717
n4q19d43,S_1sum,8,0,10000,1,unsupported,NA,NA
n4q19d43,S_1sum,10,0,10000,1,unsupported,NA,NA
n4q19d43,E_u_1_4,2,10000,0,0,supported,-0.060172377293810433,0.39455652946076258
n4q19d43,E_u_1_4,4,10000,0,0,supported,-0.060172377293810433,0.39455652946076258
n4q19d43,E_u_1_4,6,10000,0,0,supported,-0.060172377293810433,0.39455652946076258
n4q19d43,E_u_1_4,8,10000,0,0,supported,-0.060172377293810433,0.39455652946076258
n4q19d43,E_u_1_4,10,10000,0,0,supported,-0.060172377293810433,0.39455652946076258
n4q19d43,E_v_1_4,2,10000,0,0,supported,-0.72884422154756434,-0.38839158165381571
n4q19d43,E_v_1_4,4,10000,0,0,supported,-0.72884422154756434,-0.38839158165381571
n4q19d43,E_v_1_4,6,10000,0,0,supported,-0.72884422154756434,-0.38839158165381571
n4q19d43,E_v_1_4,8,10000,0,0,supported,-0.72884422154756434,-0.38839158165381571
n4q19d43,E_v_1_4,10,10000,0,0,supported,-0.72884422154756434,-0.38839158165381571
n4q19d43,E_sum_1_4,2,10000,0,0,supported,-4.1989907311220138,-2.9820739783303343
n4q19d43,E_sum_1_4,4,10000,0,0,supported,-4.1989907311220138,-2.9820739783303343
n4q19d43,E_sum_1_4,6,10000,0,0,supported,-4.1989907311220138,-2.9820739783303343
n4q19d43,E_sum_1_4,8,10000,0,0,supported,-4.1989907311220138,-2.9820739783303343
n4q19d43,E_sum_1_4,10,10000,0,0,supported,-4.1989907311220138,-2.9820739783303343
n4q19d43,E_u_3_8,2,10000,0,0,supported,0.17306204199263081,0.43654243086293792
n4q19d43,E_u_3_8,4,10000,0,0,supported,-0.5096513127429132,1.9291582324458147
n4q19d43,E_u_3_8,6,10000,0,0,supported,-0.5096513127429132,1.9291582324458147
n4q19d43,E_u_3_8,8,10000,0,0,supported,-0.5096513127429132,1.9291582324458147
n4q19d43,E_u_3_8,10,10000,0,0,supported,-0.5096513127429132,1.9291582324458147
n4q19d43,E_v_3_8,2,10000,0,0,supported,0.066839575365767526,0.15397058580556
n4q19d43,E_v_3_8,4,10000,0,0,supported,0.066839575365767526,0.15397058580556
n4q19d43,E_v_3_8,6,10000,0,0,supported,0.066839575365767526,0.15397058580556
n4q19d43,E_v_3_8,8,10000,0,0,supported,0.066839575365767526,0.15397058580556
n4q19d43,E_v_3_8,10,10000,0,0,supported,0.066839575365767526,0.15397058580556
n4q19d43,E_sum_3_8,2,10000,0,0,supported,-0.22355445938326304,-0.017144270109631508
n4q19d43,E_sum_3_8,4,10000,0,0,supported,-0.22355445938326304,-0.017144270109631508
n4q19d43,E_sum_3_8,6,10000,0,0,supported,-0.22355445938326304,-0.017144270109631508
n4q19d43,E_sum_3_8,8,10000,0,0,supported,-0.22355445938326304,-0.017144270109631508
n4q19d43,E_sum_3_8,10,10000,0,0,supported,-0.22355445938326304,-0.017144270109631508
n4q19d43,B_u_mean,2,10000,0,0,supported,0.078636301158235014,0.12710588245811627
n4q19d43,B_u_mean,4,10000,0,0,supported,0.12675154945191483,0.21720422708960324
n4q19d43,B_u_mean,6,10000,0,0,supported,0.18566493940164278,0.29631723904741808
n4q19d43,B_u_mean,8,10000,0,0,supported,0.18566493940164278,0.29631723904741808
n4q19d43,B_u_mean,10,10000,0,0,supported,0.18566493940164278,0.29631723904741808
n4q19d43,B_v_mean,2,10000,0,0,supported,-0.77608772105746726,-0.3929501428274958
n4q19d43,B_v_mean,4,10000,0,0,supported,-4.0491542514911902,-2.7125233073481669
n4q19d43,B_v_mean,6,10000,0,0,supported,-4.0491542514911902,-2.7125233073481669
n4q19d43,B_v_mean,8,10000,0,0,supported,-4.0491542514911902,-2.7125233073481669
n4q19d43,B_v_mean,10,10000,0,0,supported,-4.0491542514911902,-2.7125233073481669
n4q19d43,B_sum,2,10000,0,0,supported,0.061970328474744894,0.088140756224641736
n4q19d43,B_sum,4,10000,0,0,supported,0.096977892522116499,0.16035668982777779
n4q19d43,B_sum,6,10000,0,0,supported,0.16782134816304711,0.26528007978503265
n4q19d43,B_sum,8,10000,0,0,supported,0.21722296505780692,0.33509266238018887
n4q19d43,B_sum,10,10000,0,0,supported,0.21722296505780692,0.33509266238018887
n4q19d43,B_u_low_1_4,2,10000,0,0,supported,0,0
n4q19d43,B_u_low_1_4,4,10000,0,0,supported,0,0
n4q19d43,B_u_low_1_4,6,10000,0,0,supported,0,0
n4q19d43,B_u_low_1_4,8,10000,0,0,supported,0,0
n4q19d43,B_u_low_1_4,10,10000,0,0,supported,0,0
n4q19d43,B_v_low_1_4,2,10000,0,0,supported,0,0
n4q19d43,B_v_low_1_4,4,10000,0,0,supported,0,0
n4q19d43,B_v_low_1_4,6,10000,0,0,supported,0,0
n4q19d43,B_v_low_1_4,8,10000,0,0,supported,0,0
n4q19d43,B_v_low_1_4,10,10000,0,0,supported,0,0
n4q19d43,B_sum_low_1_4,2,10000,0,0,supported,0,0
n4q19d43,B_sum_low_1_4,4,10000,0,0,supported,0,0
n4q19d43,B_sum_low_1_4,6,10000,0,0,supported,0,0
n4q19d43,B_sum_low_1_4,8,10000,0,0,supported,0,0
n4q19d43,B_sum_low_1_4,10,10000,0,0,supported,0,0
n4q19d43,B_u_low_3_8,2,10000,0,0,supported,0.13190783217288871,0.29584457775434986
n4q19d43,B_u_low_3_8,4,10000,0,0,supported,0.13190783217288871,0.29584457775434986
n4q19d43,B_u_low_3_8,6,10000,0,0,supported,0.13190783217288871,0.29584457775434986
n4q19d43,B_u_low_3_8,8,10000,0,0,supported,0.13190783217288871,0.29584457775434986
n4q19d43,B_u_low_3_8,10,10000,0,0,supported,0.13190783217288871,0.29584457775434986
n4q19d43,B_v_low_3_8,2,10000,0,0,supported,0,0
n4q19d43,B_v_low_3_8,4,10000,0,0,supported,0,0
n4q19d43,B_v_low_3_8,6,10000,0,0,supported,0,0
n4q19d43,B_v_low_3_8,8,10000,0,0,supported,0,0
n4q19d43,B_v_low_3_8,10,10000,0,0,supported,0,0
n4q19d43,B_sum_low_3_8,2,10000,0,0,supported,0.013517556284891069,0.07046832980324802
n4q19d43,B_sum_low_3_8,4,10000,0,0,supported,0.013517556284891069,0.07046832980324802
n4q19d43,B_sum_low_3_8,6,10000,0,0,supported,0.013517556284891069,0.07046832980324802
n4q19d43,B_sum_low_3_8,8,10000,0,0,supported,0.013517556284891069,0.07046832980324802
n4q19d43,B_sum_low_3_8,10,10000,0,0,supported,0.013517556284891069,0.07046832980324802
n4q19d43,C_u,2,10000,0,0,supported,0.028028438974505729,0.040337473884523189
n4q19d43,C_u,4,10000,0,0,supported,0.028028438974505729,0.040337473884523189
n4q19d43,C_u,6,10000,0,0,supported,0.028028438974505729,0.040337473884523189
n4q19d43,C_u,8,10000,0,0,supported,0.028028438974505729,0.040337473884523189
n4q19d43,C_u,10,10000,0,0,supported,0.028028438974505729,0.040337473884523189
n4q19d43,C_v,2,10000,0,0,supported,0.043400089623125443,0.07154251242019094
n4q19d43,C_v,4,10000,0,0,supported,0.043400089623125443,0.07154251242019094
n4q19d43,C_v,6,10000,0,0,supported,0.043400089623125443,0.07154251242019094
n4q19d43,C_v,8,10000,0,0,supported,0.043400089623125443,0.07154251242019094
n4q19d43,C_v,10,10000,0,0,supported,0.043400089623125443,0.07154251242019094
n4q19d43,C_sum,2,10000,0,0,supported,0.040328429454208281,0.047028344971938273
n4q19d43,C_sum,4,10000,0,0,supported,0.040328429454208281,0.047028344971938273
n4q19d43,C_sum,6,10000,0,0,supported,0.040328429454208281,0.047028344971938273
n4q19d43,C_sum,8,10000,0,0,supported,0.040328429454208281,0.047028344971938273
n4q19d43,C_sum,10,10000,0,0,supported,0.040328429454208281,0.047028344971938273
n4q19d43,S_C,2,10000,0,0,supported,-1.9141625125549644,-0.23972565980155086
n4q19d43,S_C,4,0,10000,1,unsupported,NA,NA
n4q19d43,S_C,6,0,10000,1,unsupported,NA,NA
n4q19d43,S_C,8,0,10000,1,unsupported,NA,NA
n4q19d43,S_C,10,0,10000,1,unsupported,NA,NA
