dataset,statistic,quintile,margin,conditional_cdf
e0,S_u1,1,-5,1.6997132120253164e-05
e0,S_u1,1,-4,1.8542325949367089e-05
e0,S_u1,1,-1,0.016411600233633306
e0,S_u1,1,1,0.023491485209404667
e0,S_u1,1,4,0.75388307209256333
e0,S_u1,1,5,1
e0,S_u1,2,-5,8.9009602864583339e-06
e0,S_u1,2,-4,1.6530354817708332e-05
e0,S_u1,2,-3,0.0047926902770996094
e0,S_u1,2,-2,0.0053979555765787763
e0,S_u1,2,-1,0.13233931859334311
e0,S_u1,2,1,0.18412272135416666
e0,S_u1,2,2,0.39860073725382489
e0,S_u1,2,3,0.55610577265421546
e0,S_u1,2,4,0.87937545776367188
e0,S_u1,2,5,1
e0,S_u1,3,-3,0.005862281436011905
e0,S_u1,3,-2,0.00732421875
e0,S_u1,3,-1,0.082686651320684521
e0,S_u1,3,1,0.11175028483072917
e0,S_u1,3,2,0.4659848894391741
e0,S_u1,3,3,0.77311197916666663
e0,S_u1,3,4,0.93880208333333337
e0,S_u1,3,5,1
e0,S_u1,4,-5,6.7816840277777774e-06
e0,S_u1,4,-4,2.5770399305555555e-05
e0,S_u1,4,-3,0.00111083984375
e0,S_u1,4,-2,0.0012410481770833333
e0,S_u1,4,-1,0.12681935628255209
e0,S_u1,4,1,0.18634728325737848
e0,S_u1,4,2,0.36864166259765624
e0,S_u1,4,3,0.45179867214626734
e0,S_u1,4,4,0.88796522352430551
e0,S_u1,4,5,1
e0,S_u1,5,-5,2.8483072916666668e-06
e0,S_u1,5,-4,0.00056559244791666672
e0,S_u1,5,-3,0.0031575520833333334
e0,S_u1,5,-2,0.0082519531249999993
e0,S_u1,5,-1,0.089187927246093757
e0,S_u1,5,1,0.13837076822916666
e0,S_u1,5,2,0.42354517618815102
e0,S_u1,5,3,0.64594268798828125
e0,S_u1,5,4,0.93055867513020829
e0,S_u1,5,5,1
e1a,S_u1,1,-5,6.292284149484536e-07
e1a,S_u1,1,-1,0.006501187983247423
e1a,S_u1,1,1,0.01913224053137081
e1a,S_u1,1,5,1
e1a,S_u1,2,-5,2.5431315104166665e-06
e1a,S_u1,2,-4,5.5948893229166664e-05
e1a,S_u1,2,-3,0.00076802571614583337
e1a,S_u1,2,-2,0.002269744873046875
e1a,S_u1,2,-1,0.060517787933349609
e1a,S_u1,2,1,0.14382553100585938
e1a,S_u1,2,2,0.27951351801554364
e1a,S_u1,2,3,0.5098172823588053
e1a,S_u1,2,4,0.54230356216430664
e1a,S_u1,2,5,1
e1a,S_u1,3,-4,0.00010052849264705882
e1a,S_u1,3,-3,0.0035448261335784314
e1a,S_u1,3,-2,0.0036908318014705881
e1a,S_u1,3,-1,0.032369576248468139
e1a,S_u1,3,1,0.087292839499080885
e1a,S_u1,3,2,0.24638965083103553
e1a,S_u1,3,3,0.7603759765625
e1a,S_u1,3,4,0.77311197916666663
e1a,S_u1,3,5,1
e1a,S_u1,4,-5,1.1625744047619049e-06
e1a,S_u1,4,-4,6.2197730654761901e-05
e1a,S_u1,4,-3,0.0013735816592261906
e1a,S_u1,4,-2,0.0016694568452380952
e1a,S_u1,4,-1,0.055730183919270836
e1a,S_u1,4,1,0.11376146589006697
e1a,S_u1,4,2,0.24233925229027159
e1a,S_u1,4,3,0.60263097853887648
e1a,S_u1,4,4,0.63639802478608631
e1a,S_u1,4,5,1
e1a,S_u1,5,-5,6.1035156250000003e-06
e1a,S_u1,5,-4,7.0190429687499995e-05
e1a,S_u1,5,-3,0.0009307861328125
e1a,S_u1,5,-2,0.0024765014648437502
e1a,S_u1,5,-1,0.055081303914388022
e1a,S_u1,5,1,0.12716337839762371
e1a,S_u1,5,2,0.22040189107259114
e1a,S_u1,5,3,0.55819021860758467
e1a,S_u1,5,4,0.61275456746419266
e1a,S_u1,5,5,1
n4q29d43,S_u1,1,-4,1.1779561988767009e-05
n4q29d43,S_u1,1,-3,5.8014342794677522e-05
n4q29d43,S_u1,1,-2,0.00061446060502186285
n4q29d43,S_u1,1,-1,0.0040761241677739453
n4q29d43,S_u1,1,1,0.019293661756356252
n4q29d43,S_u1,1,2,0.076289587651048957
n4q29d43,S_u1,1,3,0.18161447601163064
n4q29d43,S_u1,1,4,0.46122748601305852
n4q29d43,S_u1,1,5,0.69267774040742414
n4q29d43,S_u1,1,6,0.90567450484013001
n4q29d43,S_u1,1,7,0.99537487117024348
n4q29d43,S_u1,1,8,1
n4q29d43,S_u1,2,-5,2.647491766300607e-06
n4q29d43,S_u1,2,-4,1.6381355303985006e-05
n4q29d43,S_u1,2,-3,0.00015132070126761907
n4q29d43,S_u1,2,-2,0.0010355415841531734
n4q29d43,S_u1,2,-1,0.0052418889125692321
n4q29d43,S_u1,2,1,0.01891995216602884
n4q29d43,S_u1,2,2,0.071448204807191454
n4q29d43,S_u1,2,3,0.17939223486114567
n4q29d43,S_u1,2,4,0.50954605915498719
n4q29d43,S_u1,2,5,0.7483899863132949
n4q29d43,S_u1,2,6,0.92172410153359474
n4q29d43,S_u1,2,7,0.99720841254780379
n4q29d43,S_u1,2,8,1
n4q29d43,S_u1,3,-4,2.6287760209590612e-05
n4q29d43,S_u1,3,-3,0.00011273656368491098
n4q29d43,S_u1,3,-2,0.00073703817244352189
n4q29d43,S_u1,3,-1,0.0045889143599702016
n4q29d43,S_u1,3,1,0.019504892760324681
n4q29d43,S_u1,3,2,0.074083757273192219
n4q29d43,S_u1,3,3,0.18080758574701999
n4q29d43,S_u1,3,4,0.50552891444060721
n4q29d43,S_u1,3,5,0.74972284411225776
n4q29d43,S_u1,3,6,0.93827344643424193
n4q29d43,S_u1,3,7,0.99793790028959373
n4q29d43,S_u1,3,8,1
n4q29d43,S_u1,4,-5,1.2281692908550515e-06
n4q29d43,S_u1,4,-4,3.607747291886714e-05
n4q29d43,S_u1,4,-3,0.00024294723784726486
n4q29d43,S_u1,4,-2,0.0017851440642578174
n4q29d43,S_u1,4,-1,0.0084173877683549909
n4q29d43,S_u1,4,1,0.024728936800711109
n4q29d43,S_u1,4,2,0.083156038380674147
n4q29d43,S_u1,4,3,0.20813459849082941
n4q29d43,S_u1,4,4,0.51306337453689377
n4q29d43,S_u1,4,5,0.76829318024339055
n4q29d43,S_u1,4,6,0.9518674744346487
n4q29d43,S_u1,4,7,0.99887143251003452
n4q29d43,S_u1,4,8,1
n4q29d43,S_u1,5,-5,3.0489440896828609e-06
n4q29d43,S_u1,5,-4,2.7288049602661605e-05
n4q29d43,S_u1,5,-3,0.0002013065335213109
n4q29d43,S_u1,5,-2,0.0012031514495899781
n4q29d43,S_u1,5,-1,0.0059387273429153519
n4q29d43,S_u1,5,1,0.026571635875126225
n4q29d43,S_u1,5,2,0.090134746851364966
n4q29d43,S_u1,5,3,0.21576960296211778
n4q29d43,S_u1,5,4,0.53346780446169706
n4q29d43,S_u1,5,5,0.76630646207954867
n4q29d43,S_u1,5,6,0.94537757843127601
n4q29d43,S_u1,5,7,0.99845728654547283
n4q29d43,S_u1,5,8,1
n4q19d43,S_u1,1,-5,4.587096551366847e-06
n4q19d43,S_u1,1,-4,0.00010759439705044295
n4q19d43,S_u1,1,-3,0.00094962173992349801
n4q19d43,S_u1,1,-2,0.0064491120325478784
n4q19d43,S_u1,1,-1,0.033908528117417798
n4q19d43,S_u1,1,1,0.13032742476474435
n4q19d43,S_u1,1,2,0.34752064685675615
n4q19d43,S_u1,1,3,0.74132167854304476
n4q19d43,S_u1,1,4,0.95178756385803354
n4q19d43,S_u1,1,5,1
n4q19d43,S_u1,2,-5,3.0471837873185072e-05
n4q19d43,S_u1,2,-4,0.00030831260886674423
n4q19d43,S_u1,2,-3,0.0017088614591109529
n4q19d43,S_u1,2,-2,0.010309492488375491
n4q19d43,S_u1,2,-1,0.049707260410427626
n4q19d43,S_u1,2,1,0.18032946514063566
n4q19d43,S_u1,2,2,0.44197228932487881
n4q19d43,S_u1,2,3,0.83395881396978011
n4q19d43,S_u1,2,4,0.97877202206985026
n4q19d43,S_u1,2,5,1
n4q19d43,S_u1,3,-5,1.7079911410212539e-05
n4q19d43,S_u1,3,-4,0.0001821424030930383
n4q19d43,S_u1,3,-3,0.0015862132291785483
n4q19d43,S_u1,3,-2,0.010575375245653683
n4q19d43,S_u1,3,-1,0.049625853749582657
n4q19d43,S_u1,3,1,0.18239574708674264
n4q19d43,S_u1,3,2,0.44966593865980953
n4q19d43,S_u1,3,3,0.83752188572507047
n4q19d43,S_u1,3,4,0.98053683468082697
n4q19d43,S_u1,3,5,1
n4q19d43,S_u1,4,-5,1.2053549065771678e-05
n4q19d43,S_u1,4,-4,0.00021939024695687021
n4q19d43,S_u1,4,-3,0.0018775652926664328
n4q19d43,S_u1,4,-2,0.012430917118544308
n4q19d43,S_u1,4,-1,0.058392930180110547
n4q19d43,S_u1,4,1,0.19956020903074986
n4q19d43,S_u1,4,2,0.47224416745686554
n4q19d43,S_u1,4,3,0.84376773223701151
n4q19d43,S_u1,4,4,0.98641373075834826
n4q19d43,S_u1,4,5,1
n4q19d43,S_u1,5,-5,3.1836403866608001e-05
n4q19d43,S_u1,5,-4,0.0004237094976869551
n4q19d43,S_u1,5,-3,0.002804974061006292
n4q19d43,S_u1,5,-2,0.014448679917195983
n4q19d43,S_u1,5,-1,0.06175931789845629
n4q19d43,S_u1,5,1,0.20723303698669304
n4q19d43,S_u1,5,2,0.4862581628391428
n4q19d43,S_u1,5,3,0.84754326364240795
n4q19d43,S_u1,5,4,0.98353081973404688
n4q19d43,S_u1,5,5,1
