dataset,statistic,quintile,quintile_probability,score_min,score_max,mean_margin,median_margin,failure_probability
e0,T_marg,1,0.26085780978615308,-0.64856934597788563,-0.44946735641689289,3.7855550066761587,4,0.015874696947942409
e0,T_marg,2,0.09880980653333829,-0.40840235125384827,-0.28424798636204873,3.0668854321779939,4,0.049932051287017956
e0,T_marg,3,0.24644642470204706,-0.25036536685590016,-0.092808057159284904,3.4766796871662966,4,0.058123947397435011
e0,T_marg,4,0.19255846676941973,-0.085145996801055987,0.17479189128302935,2.6022677095812421,3,0.13351982709534457
e0,T_marg,5,0.20132749220904181,0.21585689644607398,1.0966912524904293,2.1776442979634774,2,0.16026713927135913
e0,S_u2,1,0.27335640138408307,0,0,4.1427466477019879,4,0.016411600233633306
e0,S_u2,2,0.10380622837370242,0.006920415224913495,0.01384083044982699,2.5837237040201821,3,0.09066009521484375
e0,S_u2,3,0.2491349480968858,0.02768166089965398,0.06228373702422145,2.7041244506835938,3,0.13040086958143446
e0,S_u2,4,0.16608996539792387,0.069204152249134954,0.089965397923875437,2.6053611437479653,3,0.084361394246419266
e0,S_u2,5,0.20761245674740483,0.11072664359861592,0.22145328719723184,2.7926281611124675,3,0.10105133056640625
e0,S_v2,1,0.26581676443555363,-0.22145328719723184,-0.13840830449826991,2.8972725235890282,4,0.088375531130525431
e0,S_v2,3,0.28781560878027684,-0.11072664359861592,-0.11072664359861592,3.5479902131640739,4,0.03002522380393308
e0,S_v2,4,0.28931001973399656,-0.05536332179930796,-0.02768166089965398,2.2256894967135712,2,0.14770068604749628
e0,S_v2,5,0.15705760705017302,-0,-0,4.1489790752275217,5,0.041456726424837026
e0,S_2sum,1,0.1640996437996729,-0.44290657439446368,-0.22837370242214533,2.8064156524797128,3,0.082887029941620602
e0,S_2sum,2,0.23779917258292332,-0.22145328719723184,-0.16608996539792387,3.1040651827135788,4,0.076323518751053948
e0,S_2sum,3,0.1649256247550146,-0.15224913494809689,-0.11764705882352941,2.3890793073736374,2,0.11677141239542968
e0,S_2sum,4,0.23655032781581153,-0.11072664359861592,-0.083044982698961933,3.447312817247199,4,0.050210585793329619
e0,S_2sum,5,0.19662523104657764,-0.069204152249134954,-0,3.4517149683020936,5,0.094029021528368339
e0,S_2max,1,0.17795486186202422,-0.22145328719723184,-0.17301038062283736,3.3741223718627316,4,0.035441579279668463
e0,S_2max,2,0.21285276841952314,-0.13840830449826991,-0.11764705882352941,2.4084094253848094,3,0.13534752472521408
e0,S_2max,3,0.25771804334383108,-0.11072664359861592,-0.11072664359861592,3.5861391412483314,4,0.036204853154632462
e0,S_2max,4,0.11877198532790874,-0.089965397923875437,-0.06228373702422145,2.4244037643418848,2,0.096815779296119633
e0,S_2max,5,0.23270234104671281,-0.05536332179930796,-0,3.2728998765701007,4,0.10928152000290424
e0,S_u1,1,0.27335640138408307,0,0,4.1427466477019879,4,0.016411600233633306
e0,S_u1,2,0.16608996539792387,0.058823529411764705,0.11764705882352941,2.7069005966186523,3,0.13233931859334311
e0,S_u1,3,0.1453287197231834,0.17647058823529413,0.17647058823529413,2.5317909604027156,3,0.082686651320684521
e0,S_u1,4,0.15570934256055363,0.23529411764705882,0.23529411764705882,2.8492240058051217,4,0.12681935628255209
e0,S_u1,5,0.25951557093425603,0.29411764705882354,0.47058823529411764,2.6712288920084637,3,0.089187927246093757
e0,S_v1,1,0.26581676443555363,-0.47058823529411764,-0.35294117647058826,2.8972725235890282,4,0.088375531130525431
e0,S_v1,3,0.41262722345371972,-0.23529411764705882,-0.23529411764705882,3.2000396347081042,4,0.056518198057099574
e0,S_v1,4,0.16449840506055363,-0.11764705882352941,-0.11764705882352941,2.0952043019864011,2,0.17053095021671699
e0,S_v1,5,0.15705760705017302,-0,-0,4.1489790752275217,5,0.041456726424837026
e0,S_1sum,1,0.12201706513401546,0,0.17647058823529413,4.0141515016390148,5,0.057490908123201664
e0,S_1sum,2,0.24749024599068717,0.23529411764705882,0.29411764705882354,3.4693039902471314,4,0.055203355604544611
e0,S_1sum,3,0.18610308162068825,0.35294117647058826,0.41176470588235292,2.2911631651897162,2,0.13400133824163787
e0,S_1sum,4,0.26245280863092019,0.47058823529411764,0.52941176470588236,3.1401169643466051,4,0.062482108122364245
e0,S_1sum,5,0.18193679862368892,0.58823529411764708,0.94117647058823528,2.6817809633022529,3,0.10642144912504566
e0,E_u_1_4,2,0.56401384083044981,0,0,3.3968755803956574,4,0.073268024467983126
e0,E_u_1_4,4,0.34256055363321797,0.5,0.5,2.6846154338181623,3,0.096276870881668239
e0,E_u_1_4,5,0.093425605536332182,1,1,2.6901123612015336,3,0.075685571741174767
e0,E_v_1_4,1,0.13294850913711073,-1,-1,3.6331101034458655,4,0.020791038398241167
e0,E_v_1_4,2,0.42068386407871972,-0.5,-0.5,3.109921988897189,4,0.069813203589687983
e0,E_v_1_4,4,0.44636762678416952,-0,-0,2.9024125400986023,3,0.11031799729364006
e0,E_sum_1_4,1,0.08397550483888408,-2,-1.5,3.005071085100925,4,0.048831553586069179
e0,E_sum_1_4,2,0.27000284689932957,-1,-1,3.0839359966741156,4,0.065260114340959449
e0,E_sum_1_4,3,0.41331930721507354,-0.5,-0.5,3.0006298360241934,4,0.082804435435452309
e0,E_sum_1_4,5,0.23270234104671281,-0,-0,3.2728998765701007,4,0.10928152000290424
e0,E_u_3_8,3,0.83391003460207613,0,0,3.1398386025329845,4,0.076649012901970959
e0,E_u_3_8,5,0.16608996539792387,0.5,1,2.8208245436350503,3,0.10510826110839844
e0,E_v_3_8,1,0.13294850913711073,-1,-1,3.6331101034458655,4,0.020791038398241167
e0,E_v_3_8,2,0.42068386407871972,-0.5,-0.5,3.109921988897189,4,0.069813203589687983
e0,E_v_3_8,4,0.44636762678416952,-0,-0,2.9024125400986023,3,0.11031799729364006
e0,E_sum_3_8,1,0.20901468138381271,-2,-1,3.3545663646665411,4,0.049376338501504781
e0,E_sum_3_8,3,0.41891637887921712,-0.5,-0.5,3.0644010336975103,4,0.07648524697273941
e0,E_sum_3_8,5,0.37206893973697014,-0,-0,2.9617418883346698,3,0.10485827201839093
e0,B_u_mean,1,0.27335640138408307,-0.5,-0.5,4.1427466477019879,4,0.016411600233633306
e0,B_u_mean,2,0.16608996539792387,-0.47058823529411764,-0.44117647058823528,2.7069005966186523,3,0.13233931859334311
e0,B_u_mean,3,0.1453287197231834,-0.41176470588235292,-0.41176470588235292,2.5317909604027156,3,0.082686651320684521
e0,B_u_mean,4,0.15570934256055363,-0.38235294117647056,-0.38235294117647056,2.8492240058051217,4,0.12681935628255209
e0,B_u_mean,5,0.25951557093425603,-0.35294117647058826,-0.26470588235294118,2.6712288920084637,3,0.089187927246093757
e0,B_v_mean,1,0.26581676443555363,0.38235294117647056,0.41176470588235292,2.8972725235890282,4,0.088375531130525431
e0,B_v_mean,3,0.41262722345371972,0.44117647058823528,0.44117647058823528,3.2000396347081042,4,0.056518198057099574
e0,B_v_mean,4,0.16449840506055363,0.47058823529411764,0.47058823529411764,2.0952043019864011,2,0.17053095021671699
e0,B_v_mean,5,0.15705760705017302,0.5,0.5,4.1489790752275217,5,0.041456726424837026
e0,B_sum,1,0.23778702890996703,-1,-0.94117647058823528,4.050572272995085,4,0.027817686645549785
e0,B_sum,2,0.23662453621729024,-0.91176470588235292,-0.88235294117647056,3.0389915892509136,4,0.095218921797928707
e0,B_sum,3,0.12998027867511894,-0.8529411764705882,-0.8529411764705882,2.5746144915903475,3,0.11418531213162326
e0,B_sum,4,0.24788269782148842,-0.82352941176470584,-0.79411764705882348,2.6724895947697855,3,0.097457770170427352
e0,B_sum,5,0.14772545837613538,-0.76470588235294112,-0.6470588235294118,2.7582720791906516,3,0.089558405464658208
e0,B_u_low_1_4,3,1,0,0,3.0868535685291754,4,0.081375808451827417
e0,B_v_low_1_4,3,1,0,0,3.0868535685291754,4,0.081375808451827417
e0,B_sum_low_1_4,3,1,0,0,3.0868535685291754,4,0.081375808451827417
e0,B_u_low_3_8,2,0.56401384083044981,0,0,3.3968755803956574,4,0.073268024467983126
e0,B_u_low_3_8,4,0.34256055363321797,0.5,0.5,2.6846154338181623,3,0.096276870881668239
e0,B_u_low_3_8,5,0.093425605536332182,1,1,2.6901123612015336,3,0.075685571741174767
e0,B_v_low_3_8,3,1,0,0,3.0868535685291754,4,0.081375808451827417
e0,B_sum_low_3_8,2,0.56401384083044981,0,0,3.3968755803956574,4,0.073268024467983126
e0,B_sum_low_3_8,4,0.34256055363321797,0.5,0.5,2.6846154338181623,3,0.096276870881668239
e0,B_sum_low_3_8,5,0.093425605536332182,1,1,2.6901123612015336,3,0.075685571741174767
e0,C_u,1,0.34602076124567471,-1,-1,3.8678197860717773,4,0.039156532287597655
e0,C_u,4,0.65397923875432529,-0.5,-0.5,2.6736439296177457,3,0.10371404980856275
e0,C_v,1,0.35253399383650519,-1,-1,3.6430603148738347,4,0.047427347175960317
e0,C_v,4,0.64746600616349481,-0.5,-0.5,2.7840086564857507,3,0.099860155929930042
e0,C_sum,1,0.15782184006846076,-2,-2,4.334321301796626,4,0.01172933065317824
e0,C_sum,2,0.38291107494525845,-1.5,-1.5,3.2763414401419468,4,0.069380171722098052
e0,C_sum,4,0.45926708498628083,-1,-1,2.5001913266515872,3,0.11531030527249347
e0,S_C,1,0.20562699261833639,-0.081940020232771443,-0.0058154527587229998,2.8142572368014784,3,0.067720950439658645
e0,S_C,2,0.24496689634752108,0,0.0074728964580087487,4.1196268166377656,4,0.0098989158556050411
e0,S_C,3,0.15069347764381488,0.01384083044982699,0.021313726907835728,3.2573674197300746,4,0.054730880271327061
e0,S_C,4,0.19373796720405764,0.021866208140930987,0.048995387807489715,2.5204057717131114,3,0.12604777621060351
e0,S_C,5,0.20497466618627,0.049547869040584946,0.11072664359861592,2.5360783143477521,3,0.1578625318295642
e1a,T_marg,1,0.14442643564493701,-0.64856934597788563,-0.48334997592304146,4.0010551924475086,5,0.028613406738788798
e1a,T_marg,2,0.24855673412206761,-0.44946735641689289,-0.33345472658465508,4.1776375425911345,5,0.023657428557897115
e1a,T_marg,3,0.21233647946175446,-0.33064476900673112,-0.2426409847470351,3.8003097603010452,5,0.037500808067104978
e1a,T_marg,4,0.19109125744933236,-0.2141524644731605,-0.095329877062998739,3.3015764947126218,3,0.054456501140500518
e1a,T_marg,5,0.20358909332190855,-0.092808057159284904,0.31880254097804966,3.2744943060856007,3,0.055745773987284732
e1a,S_u2,1,0.26869806094182824,0,0,4.9104661449943618,5,0.006501187983247423
e1a,S_u2,2,0.1329639889196676,0.0055401662049861496,0.034626038781163437,3.4004082679748535,3,0.060517787933349609
e1a,S_u2,3,0.17451523545706371,0.040166204986149583,0.069252077562326875,3.2362828330388145,3,0.046864343067956352
e1a,S_u2,4,0.22437673130193905,0.073407202216066489,0.11218836565096953,3.2323560361508972,3,0.051375777633101853
e1a,S_u2,5,0.1994459833795014,0.11772853185595568,0.22437673130193905,3.3047819667392306,3,0.051298671298556857
e1a,S_v2,1,0.25969190940962605,-0.22437673130193905,-0.14681440443213298,3.6449334463990417,4,0.039033955520254168
e1a,S_v2,2,0.2722878073060942,-0.11218836565096953,-0.11218836565096953,4.52877682430083,5,0.016082666347921118
e1a,S_v2,4,0.32066755215547094,-0.069252077562326875,-0.034626038781163437,2.7528616905898255,3,0.069270865188112804
e1a,S_v2,5,0.14735273112880887,-0,-0,4.4674594623744746,5,0.02037351297020433
e1a,S_2sum,1,0.16534142745168587,-0.44875346260387811,-0.22991689750692521,3.4773134236403616,3,0.046506986232049019
e1a,S_2sum,2,0.2452406737943105,-0.22437673130193905,-0.18005540166204986,3.8287117576439469,5,0.041131713399053485
e1a,S_2sum,3,0.19243735950078991,-0.17174515235457063,-0.11772853185595568,3.0852998888480956,3,0.05268595869533297
e1a,S_2sum,4,0.1982388694530709,-0.11218836565096953,-0.1038781163434903,4.372565675703596,5,0.018505624746603621
e1a,S_2sum,5,0.19874166980014282,-0.10249307479224377,-0,3.7551106152389795,5,0.040992643657528645
e1a,S_2max,1,0.17827671716748184,-0.22437673130193905,-0.18005540166204986,4.1404766725647439,5,0.022912522977249293
e1a,S_2max,2,0.22457572958145774,-0.14681440443213298,-0.11772853185595568,3.0347918663294888,3,0.062503623103846245
e1a,S_2max,3,0.24022583684102319,-0.11218836565096953,-0.11218836565096953,4.5757811106133639,5,0.019757866003024257
e1a,S_2max,4,0.19386257689415254,-0.10249307479224377,-0.069252077562326875,2.9438297899246417,3,0.058530399125956041
e1a,S_2max,5,0.16305913951588469,-0.067867036011080337,-0,3.8705328050093657,5,0.033829185734423367
e1a,S_u1,1,0.26869806094182824,0,0,4.9104661449943618,5,0.006501187983247423
e1a,S_u1,2,0.1329639889196676,0.052631578947368418,0.13157894736842105,3.4004082679748535,3,0.060517787933349609
e1a,S_u1,3,0.14127423822714683,0.18421052631578946,0.18421052631578946,3.0607542150160847,3,0.032369576248468139
e1a,S_u1,4,0.29085872576177285,0.23684210526315788,0.31578947368421051,3.2903035118466333,3,0.055730183919270836
e1a,S_u1,5,0.16620498614958448,0.36842105263157893,0.47368421052631576,3.367843755086263,3,0.055081303914388022
e1a,S_v1,1,0.25969190940962605,-0.47368421052631576,-0.36842105263157893,3.6449334463990417,4,0.039033955520254168
e1a,S_v1,2,0.15606131514023547,-0.26315789473684209,-0.26315789473684209,2.7064078202122541,3,0.067229731193745909
e1a,S_v1,3,0.2722878073060942,-0.23684210526315788,-0.23684210526315788,4.52877682430083,5,0.016082666347921118
e1a,S_v1,4,0.16460623701523547,-0.13157894736842105,-0.13157894736842105,2.7969040806956564,3,0.071206041286627553
e1a,S_v1,5,0.14735273112880887,-0,-0,4.4674594623744746,5,0.02037351297020433
e1a,S_1sum,1,0.26573654555217713,0,0.23684210526315788,4.6099237353956868,5,0.011784294616431844
e1a,S_1sum,2,0.13792051701004154,0.26315789473684209,0.36842105263157893,3.2175553908805172,3,0.066909909677988794
e1a,S_1sum,3,0.21882580786200442,0.39473684210526316,0.47368421052631576,3.7117173655197577,5,0.035186952050954498
e1a,S_1sum,4,0.18176322366392184,0.5,0.57894736842105265,3.3028456870301213,3,0.044154291692018906
e1a,S_1sum,5,0.1957539059118551,0.60526315789473684,0.94736842105263153,3.2662881757662037,3,0.059491641876705671
e1a,E_u_1_4,1,0.35180055401662053,0,0,4.4785418773260641,5,0.012965405081200787
e1a,E_u_1_4,3,0.34903047091412742,0.5,0.5,3.2741634732200984,3,0.054259951152498757
e1a,E_u_1_4,5,0.29916897506925205,1,1,3.3506144064444081,3,0.054254673145435472
e1a,E_v_1_4,2,0.41575322454986152,-1,-1,3.2926390206032963,3,0.049617805682254421
e1a,E_v_1_4,4,0.43689404432132967,-0.5,-0.5,3.8762683751253837,5,0.036851206084679018
e1a,E_v_1_4,5,0.14735273112880887,-0,-0,4.4674594623744746,5,0.02037351297020433
e1a,E_sum_1_4,1,0.15016465966391102,-2,-2,3.1428750770547222,3,0.053034478293790308
e1a,E_sum_1_4,2,0.27901790544927285,-1.5,-1.5,3.137520481298393,3,0.061250292373564337
e1a,E_sum_1_4,3,0.28357119573450484,-1,-1,3.745307144215686,5,0.039514117731933314
e1a,E_sum_1_4,5,0.28724623915231129,-0.5,-0,4.5650791796243979,5,0.012087293736997511
e1a,E_u_3_8,3,0.85041551246537395,0,0,3.7851712851260308,5,0.035731859238217631
e1a,E_u_3_8,5,0.14958448753462603,0.5,1,3.3544108779342086,3,0.062466374150028932
e1a,E_v_3_8,1,0.12673738854743768,-1,-1,4.5923280825609254,5,0.012529949146482677
e1a,E_v_3_8,2,0.40524232816828254,-0.5,-0.5,3.942507132259927,5,0.031901660967534134
e1a,E_v_3_8,4,0.4680202832842798,-0,-0,3.2926901413716818,3,0.05387589481692559
e1a,E_sum_3_8,1,0.19332074194403567,-2,-1,4.2115683482746276,5,0.026204129368092813
e1a,E_sum_3_8,2,0.40823102195507271,-0.5,-0.5,3.859760640049235,5,0.038204825736488174
e1a,E_sum_3_8,5,0.39844823610089164,-0,-0,3.3401544827100427,3,0.047857486713782552
e1a,B_u_mean,1,0.26869806094182824,-0.5,-0.5,4.9104661449943618,5,0.006501187983247423
e1a,B_u_mean,2,0.074792243767313013,-0.47368421052631576,-0.47368421052631576,3.0838230274341725,3,0.031785753038194448
e1a,B_u_mean,3,0.2742382271468144,-0.44736842105263158,-0.42105263157894735,3.296129477144492,3,0.049999275592842486
e1a,B_u_mean,4,0.15789473684210525,-0.39473684210526316,-0.39473684210526316,3.4666634275202166,4,0.073860034608004388
e1a,B_u_mean,5,0.22437673130193905,-0.36842105263157893,-0.28947368421052633,3.206058031246986,3,0.045605977376302086
e1a,B_v_mean,1,0.25969190940962605,0.39473684210526316,0.42105263157894735,3.6449334463990417,4,0.039033955520254168
e1a,B_v_mean,3,0.42834912244632967,0.44736842105263158,0.44736842105263158,3.8648293838937384,5,0.034717181483183104
e1a,B_v_mean,4,0.16460623701523547,0.47368421052631576,0.47368421052631576,2.7969040806956564,3,0.071206041286627553
e1a,B_v_mean,5,0.14735273112880887,0.5,0.5,4.4674594623744746,5,0.02037351297020433
e1a,B_sum,1,0.23974002827567736,-1,-0.94736842105263153,4.6712706887661843,5,0.010974651564465698
e1a,B_sum,2,0.075070029810855268,-0.92105263157894735,-0.92105263157894735,3.4656100862366022,3,0.057632018125677066
e1a,B_sum,3,0.31991477818370195,-0.89473684210526316,-0.86842105263157898,3.583993623741982,3,0.043004795075509972
e1a,B_sum,4,0.13361124054546833,-0.84210526315789469,-0.84210526315789469,3.2310488063900467,3,0.056075198012300376
e1a,B_sum,5,0.2316639231842971,-0.81578947368421051,-0.68421052631578949,3.2909967851525868,3,0.049741370816775592
e1a,B_u_low_1_4,3,1,0,0,3.7207362103660353,5,0.039730927950787739
e1a,B_v_low_1_4,3,1,0,0,3.7207362103660353,5,0.039730927950787739
e1a,B_sum_low_1_4,3,1,0,0,3.7207362103660353,5,0.039730927950787739
e1a,B_u_low_3_8,2,0.60110803324099726,0,0,4.0545379005818871,5,0.033182627594416043
e1a,B_u_low_3_8,4,0.32409972299168976,0.5,0.5,3.2296640771067042,3,0.051228971562833868
e1a,B_u_low_3_8,5,0.074792243767313013,1,1,3.1659389071994357,3,0.042535004792390044
e1a,B_v_low_3_8,3,1,0,0,3.7207362103660353,5,0.039730927950787739
e1a,B_sum_low_3_8,2,0.60110803324099726,0,0,4.0545379005818871,5,0.033182627594416043
e1a,B_sum_low_3_8,4,0.32409972299168976,0.5,0.5,3.2296640771067042,3,0.051228971562833868
e1a,B_sum_low_3_8,5,0.074792243767313013,1,1,3.1659389071994357,3,0.042535004792390044
e1a,C_u,1,0.3476454293628809,-1,-1,4.5845417463446996,5,0.01942042620533491
e1a,C_u,4,0.6523545706371191,-0.5,-0.5,3.2604067209166834,3,0.050554571131485537
e1a,C_v,1,0.35224284755886426,-1,-1,4.1210767854125789,5,0.027929980742868333
e1a,C_v,4,0.64775715244113574,-0.5,-0.5,3.503035635982084,3,0.046148146553074199
e1a,C_sum,1,0.15763103664746905,-2,-2,4.8091956340755235,5,0.0077811913493724344
e1a,C_sum,2,0.38462620362680705,-1.5,-1.5,3.9759584886387458,5,0.036753720118103086
e1a,C_sum,4,0.45774275972572392,-1,-1,3.1314529119416603,3,0.053234980425352303
e1a,S_C,1,0.19900208364893526,-0.27451083343777494,-0.13940113061849738,2.7326102517156641,3,0.069608801021220926
e1a,S_C,2,0.20060715186628938,-0.13725541671888747,-0.095079800978608187,3.2381661138752147,3,0.056843476704430948
e1a,S_C,3,0.21205895759392313,-0.089539634773622034,-0.02645209261916448,3.2901213694409961,3,0.05780555734945772
e1a,S_C,4,0.12243421982530081,-0.020911926414178328,0.0055401662049861496,4.4766865364489066,5,0.012562791083851655
e1a,S_C,5,0.26589758706555144,0.0089346185103623549,0.03573847404144942,4.8196844423793266,5,0.002554072758088599
n4q29d43,T_marg,1,0.20053416799055412,-0.64856934597788563,-0.15979146236894659,4.8173155863213655,5,0.003381567242659542
n4q29d43,T_marg,2,0.20065838316804729,-0.15835532270466654,0.0073802957817081655,4.5173529744945515,4,0.0055028597131939264
n4q29d43,T_marg,3,0.19832008684170432,0.0079080790595070227,0.15377430114529456,4.4221734012952458,4,0.006232626882188794
n4q29d43,T_marg,4,0.19934760799515061,0.15401955135084061,0.32334094981078371,4.4138582445897168,4,0.0063002735330814378
n4q29d43,T_marg,5,0.20113975400454365,0.32361194803676818,1.0966912524904293,4.4014915016270537,4,0.006639659981544181
n4q29d43,S_u2,1,0.1992950439453125,0,0.047265160523186682,4.6621749516641842,5,0.0043705302881670623
n4q29d43,S_u2,2,0.19872665405273438,0.048156956004756245,0.071938168846611181,4.5285070833586403,4,0.0049561085816777041
n4q29d43,S_u2,3,0.20397758483886719,0.072235434007134364,0.092152199762187872,4.5188410945269633,4,0.0053191759424413001
n4q29d43,S_u2,4,0.19854927062988281,0.093638525564803801,0.116230677764566,4.4423428643959895,4,0.0071677390964076772
n4q29d43,S_u2,5,0.19945144653320312,0.11652794292508918,0.22502972651605233,4.4213481308089921,4,0.0062458103628998517
n4q29d43,S_v2,1,0.1956455186009407,-0.23305588585017836,-0.12247324613555291,4.551240236472859,5,0.0049113793486025049
n4q29d43,S_v2,2,0.20171955227851868,-0.12128418549346016,-0.094233055885850181,4.5979280890653751,5,0.0048911808076392629
n4q29d43,S_v2,3,0.20037104189395905,-0.092152199762187872,-0.071938168846611181,4.4136488813359724,4,0.0066854064651810157
n4q29d43,S_v2,4,0.1988016664981842,-0.069857312722948872,-0.050535077288941736,4.5706946271626556,5,0.0053722143405571876
n4q29d43,S_v2,5,0.20346222072839737,-0.050237812128418546,-0,4.4418223791666778,4,0.0061667991991756922
n4q29d43,S_2sum,1,0.19953711636480875,-0.45005945303210465,-0.21759809750297265,4.5121051389456159,4,0.0055733945032442793
n4q29d43,S_2sum,2,0.20061443190206774,-0.21730083234244946,-0.18133174791914389,4.4650511413343335,4,0.0061754861771869257
n4q29d43,S_2sum,3,0.20056780541199259,-0.18103448275862069,-0.15368608799048752,4.4886172313243922,4,0.0057911449135683172
n4q29d43,S_2sum,4,0.20170907187275589,-0.15338882282996433,-0.12009512485136742,4.4717475743967423,4,0.005844706143757393
n4q29d43,S_2sum,5,0.19757157444837503,-0.11979785969084424,-0,4.6380337203325466,5,0.0046483187214022958
n4q29d43,S_2max,1,0.20011934661306441,-0.23305588585017836,-0.13733650416171225,4.5480793458906765,4,0.0045960809462552137
n4q29d43,S_2max,2,0.20076393641647883,-0.13674197384066589,-0.11652794292508918,4.5653736475438027,5,0.0056454390601036195
n4q29d43,S_2max,3,0.20386468543438241,-0.116230677764566,-0.098989298454221164,4.4168005772568844,4,0.0068921982723093873
n4q29d43,S_2max,4,0.19951534771826118,-0.098692033293697981,-0.077586206896551727,4.4493888037627052,4,0.006061519176475288
n4q29d43,S_2max,5,0.19573668381781317,-0.077288941736028544,-0,4.5971038599003924,5,0.0048136435287718321
n4q29d43,S_u1,1,0.20240020751953125,0,0.18103448275862069,4.6590111693047547,5,0.0040761241677739453
n4q29d43,S_u1,2,0.18010902404785156,0.18965517241379309,0.22413793103448276,4.541681379658324,4,0.0052418889125692321
n4q29d43,S_u1,3,0.22787284851074219,0.23275862068965517,0.26724137931034481,4.5240867677264838,4,0.0045889143599702016
n4q29d43,S_u1,4,0.19412517547607422,0.27586206896551724,0.31034482758620691,4.4329847921217933,4,0.0084173877683549909
n4q29d43,S_u1,5,0.19549274444580078,0.31896551724137934,0.47413793103448276,4.410602633130762,4,0.0059387273429153519
n4q29d43,S_v1,1,0.18305586278438568,-0.48275862068965519,-0.31896551724137934,4.5743740311731793,5,0.0049241127799637451
n4q29d43,S_v1,2,0.22852636128664017,-0.31034482758620691,-0.27586206896551724,4.397815059598666,4,0.0060597011931519031
n4q29d43,S_v1,3,0.17504152655601501,-0.25862068965517243,-0.2413793103448276,4.6577615458956378,5,0.0052852843383257688
n4q29d43,S_v1,4,0.22952426224946976,-0.22413793103448276,-0.18965517241379309,4.4027895665770469,4,0.0063762379295905294
n4q29d43,S_v1,5,0.18385198712348938,-0.18103448275862069,-0,4.6040435445737868,4,0.0050854991359891941
n4q29d43,S_1sum,1,0.19333377908333205,0,0.39655172413793105,4.7092254107291573,5,0.0038792784023009758
n4q29d43,S_1sum,2,0.19942050677491352,0.40517241379310343,0.46551724137931033,4.4731643254288249,4,0.0057777345987896512
n4q29d43,S_1sum,3,0.21974572417093441,0.47413793103448276,0.52586206896551724,4.494318165760947,4,0.0058754593340991637
n4q29d43,S_1sum,4,0.18760928770643659,0.53448275862068961,0.58620689655172409,4.4521622282101054,4,0.0063372045107113568
n4q29d43,S_1sum,5,0.19989070226438344,0.59482758620689657,0.94827586206896552,4.449064887646843,4,0.0061413263600103617
n4q29d43,E_u_1_4,1,0.14556217193603516,0,0,4.6987831051891531,5,0.0037251195473783521
n4q29d43,E_u_1_4,2,0.32909774780273438,0.25,0.25,4.509545013448605,4,0.0051492557790277149
n4q29d43,E_u_1_4,4,0.33901023864746094,0.5,0.5,4.4807453310583085,4,0.0068304314619593194
n4q29d43,E_u_1_4,5,0.18632984161376953,0.75,1,4.4417426543600129,4,0.0056747897377431786
n4q29d43,E_v_1_4,1,0.14931362122297287,-1,-0.75,4.6444628394323679,5,0.0042565883891697506
n4q29d43,E_v_1_4,2,0.31693680584430695,-0.5,-0.5,4.5282512145405951,4,0.0054591586788020315
n4q29d43,E_v_1_4,4,0.36710032820701599,-0.25,-0.25,4.4731682433982662,4,0.0060159391181303012
n4q29d43,E_v_1_4,5,0.16664924472570419,-0,-0,4.4641147988685637,4,0.006214163652833918
n4q29d43,E_sum_1_4,1,0.14939754910301417,-2,-1.25,4.5390868139621272,4,0.0052795528191272268
n4q29d43,E_sum_1_4,2,0.21330753876827657,-1,-1,4.4893461741393361,4,0.0060466490292790318
n4q29d43,E_sum_1_4,3,0.28086568834260106,-0.75,-0.75,4.4942234432165105,4,0.005842496566381263
n4q29d43,E_sum_1_4,4,0.2319466806948185,-0.5,-0.5,4.5159544453947502,5,0.005399022636148219
n4q29d43,E_sum_1_4,5,0.1244825430912897,-0.25,-0,4.5726917521989678,5,0.0051254059883871191
n4q29d43,E_u_3_8,1,0.20157241821289062,0,0,4.6850834188448491,5,0.0042535108272932004
n4q29d43,E_u_3_8,2,0.39189910888671875,0.25,0.25,4.5197251423278724,4,0.0048456355582134443
n4q29d43,E_u_3_8,4,0.2925872802734375,0.5,0.5,4.4366962594998398,4,0.0075470511823154335
n4q29d43,E_u_3_8,5,0.11394119262695312,0.75,1,4.3962431636292933,4,0.0056630260732280962
n4q29d43,E_v_3_8,1,0.14931362122297287,-1,-0.75,4.6444628394323679,5,0.0042565883891697506
n4q29d43,E_v_3_8,2,0.31693680584430695,-0.5,-0.5,4.5282512145405951,4,0.0054591586788020315
n4q29d43,E_v_3_8,4,0.36710032820701599,-0.25,-0.25,4.4731682433982662,4,0.0060159391181303012
n4q29d43,E_v_3_8,5,0.16664924472570419,-0,-0,4.4641147988685637,4,0.006214163652833918
n4q29d43,E_sum_3_8,1,0.28877707198262215,-2,-1,4.4944777235745104,4,0.0059173738491464017
n4q29d43,E_sum_3_8,3,0.28107128292322159,-0.75,-0.75,4.4923112261793978,4,0.0058393636321808261
n4q29d43,E_sum_3_8,4,0.26497922837734222,-0.5,-0.5,4.5246755216597272,5,0.005292170797704816
n4q29d43,E_sum_3_8,5,0.16517241671681404,-0.25,-0,4.5721139216312405,5,0.0051910555398780546
n4q29d43,B_u_mean,1,0.18779754638671875,-0.5,-0.39655172413793105,4.6937828707109013,5,0.0050910188782246598
n4q29d43,B_u_mean,2,0.18072986602783203,-0.38793103448275862,-0.37068965517241381,4.4934192087386746,4,0.0056190232060218774
n4q29d43,B_u_mean,3,0.24895763397216797,-0.36206896551724138,-0.34482758620689657,4.4997014254828764,4,0.0056567909623023854
n4q29d43,B_u_mean,4,0.20969200134277344,-0.33620689655172414,-0.31896551724137934,4.4515903928038094,4,0.0057432905619820987
n4q29d43,B_u_mean,5,0.17282295227050781,-0.31034482758620691,-0.23275862068965517,4.440498463280683,4,0.0059343060632601344
n4q29d43,B_v_mean,1,0.23207917809486389,0.36206896551724138,0.40517241379310343,4.4748562076573384,4,0.0057340177820719932
n4q29d43,B_v_mean,2,0.12428165972232819,0.41379310344827586,0.41379310344827586,4.3649723035180656,4,0.0069349509075612792
n4q29d43,B_v_mean,3,0.31441275775432587,0.42241379310344829,0.43103448275862066,4.539979069618834,5,0.0056419457174833624
n4q29d43,B_v_mean,4,0.11954910308122635,0.43965517241379309,0.43965517241379309,4.4355836891264149,4,0.0054211180532318841
n4q29d43,B_v_mean,5,0.20967730134725571,0.44827586206896552,0.5,4.6547221869156843,5,0.004746298156099703
n4q29d43,B_sum,1,0.18575234196032397,-1,-0.82758620689655171,4.7623363375327017,5,0.0045815786268278997
n4q29d43,B_sum,2,0.23307472732267343,-0.81896551724137934,-0.7931034482758621,4.5158572636454988,4,0.0054803477794768624
n4q29d43,B_sum,3,0.14535400751628913,-0.78448275862068961,-0.77586206896551724,4.4600927098652923,4,0.0054551524681519525
n4q29d43,B_sum,4,0.25777561563882045,-0.76724137931034486,-0.74137931034482762,4.4336018092271168,4,0.0061398829588440122
n4q29d43,B_sum,5,0.17804330756189302,-0.73275862068965514,-0.59482758620689657,4.4167895352996869,4,0.0062108705643567578
n4q29d43,B_u_low_1_4,2,0.75784683227539062,0,0,4.5317730933940101,4,0.005695630639204188
n4q29d43,B_u_low_1_4,5,0.24215316772460938,0.25,0.75,4.4612426828723235,4,0.0053412400886882865
n4q29d43,B_v_low_1_4,3,1,0,0,4.514693931065267,4,0.0056098138447850943
n4q29d43,B_sum_low_1_4,2,0.75784683227539062,0,0,4.5317730933940101,4,0.005695630639204188
n4q29d43,B_sum_low_1_4,5,0.24215316772460938,0.25,0.75,4.4612426828723235,4,0.0053412400886882865
n4q29d43,B_u_low_3_8,1,0.20403766632080078,0,0.25,4.683480499658268,5,0.0047709785684906213
n4q29d43,B_u_low_3_8,2,0.30962562561035156,0.5,0.5,4.5041979405245689,4,0.0056623215281242879
n4q29d43,B_u_low_3_8,4,0.3394622802734375,0.75,0.75,4.4507053012756161,4,0.0056330370957671256
n4q29d43,B_u_low_3_8,5,0.14687442779541016,1,1,4.4502357140251467,4,0.0066107562986375797
n4q29d43,B_v_low_3_8,2,0.48521757125854492,0,0,4.4620313376322267,4,0.0061348894017716751
n4q29d43,B_v_low_3_8,4,0.35082018375396729,0.25,0.25,4.4650393697484176,4,0.0058058572301345991
n4q29d43,B_v_low_3_8,5,0.16396224498748779,0.5,1,4.7767825479321244,5,0.0036364823440788781
n4q29d43,B_sum_low_3_8,1,0.091431110864505172,0,0.25,4.6649034059582188,5,0.0058226619163069641
n4q29d43,B_sum_low_3_8,2,0.23101483879145235,0.5,0.5,4.5256199818156331,5,0.0052525149316303846
n4q29d43,B_sum_low_3_8,3,0.32503479474689811,0.75,0.75,4.4639921969153207,4,0.0055225252253565896
n4q29d43,B_sum_low_3_8,4,0.23471170535776764,1,1,4.4505174305525985,4,0.0063800340762645022
n4q29d43,B_sum_low_3_8,5,0.11780755023937672,1.25,2,4.6444386256654342,5,0.0048515649027418102
n4q29d43,C_u,1,0.06351780891418457,-1,-0.5,4.9596541619150765,5,0.0048233528628482845
n4q29d43,C_u,2,0.30936574935913086,-0.375,-0.375,4.4700536348941489,4,0.0054848479499049769
n4q29d43,C_u,4,0.62711644172668457,-0.25,-0.25,4.4916476205568951,4,0.0057511184577514803
n4q29d43,C_v,1,0.18907922506332397,-1,-0.5,4.9882635930702222,5,0.0034144959167337068
n4q29d43,C_v,3,0.4538341760635376,-0.375,-0.375,4.3883068525931801,4,0.0059236295330569741
n4q29d43,C_v,5,0.35708659887313843,-0.25,-0.25,4.4245661884294432,4,0.0063734065675065876
n4q29d43,C_sum,1,0.17428891299641691,-2,-0.875,4.9375644191877175,5,0.0036443381189451467
n4q29d43,C_sum,2,0.17335524965892546,-0.75,-0.75,4.473601700261475,4,0.0058406489488714948
n4q29d43,C_sum,3,0.40925345662981272,-0.625,-0.625,4.3907167633356918,4,0.0060773032329263961
n4q29d43,C_sum,5,0.24310238071484491,-0.5,-0.5,4.4495362008118144,5,0.0060673268576848906
n4q29d43,S_C,1,0.20003371458733454,-0.17282473885969385,-0.012787873980827508,4.5174427359756439,4,0.0054483388537966372
n4q29d43,S_C,2,0.19949561584508047,-0.012690609620096632,0.0066316258139104967,4.5411274043718057,4,0.0057905176961417486
n4q29d43,S_C,3,0.20015226828400046,0.0066370978922410048,0.020105822398184814,4.6074283341397679,5,0.005076686981120463
n4q29d43,S_C,4,0.20037033545668237,0.020111294476515301,0.036855407826544673,4.4836035702889143,4,0.0056186741064122945
n4q29d43,S_C,5,0.19994806582690217,0.036860879904875146,0.11652794292508918,4.4238971998084384,4,0.0061158554170358268
n4q19d43,T_marg,1,0.20053170729079284,-0.64856934597788563,-0.24920022541760461,2.6749280186712237,3,0.040267632952750675
n4q19d43,T_marg,2,0.19998150671017356,-0.24916906454228649,-0.13561364697551928,2.5026770583017353,3,0.049697358033714355
n4q19d43,T_marg,3,0.19816386178717948,-0.13537380962485288,-0.033396763454204025,2.4479399141040594,3,0.052243873752614051
n4q19d43,T_marg,4,0.20119192294077948,-0.031960623789923967,0.10183935043123316,2.3914764781831273,3,0.054823957015559727
n4q19d43,T_marg,5,0.20013100127107464,0.10282926215710558,1.0966912524904293,2.3505253010721772,3,0.055708045351047196
n4q19d43,S_u2,1,0.20408153533935547,0,0.048476454293628811,2.7708784038105447,3,0.032757630964654547
n4q19d43,S_u2,2,0.19466686248779297,0.049861495844875349,0.072022160664819951,2.4558686098553899,3,0.049689685225023636
n4q19d43,S_u2,3,0.20104408264160156,0.072714681440443213,0.09141274238227147,2.4349244371389482,3,0.050129819498767401
n4q19d43,S_u2,4,0.20308876037597656,0.092105263157894732,0.11426592797783934,2.3700357768152651,3,0.05691948006156846
n4q19d43,S_u2,5,0.19711875915527344,0.1149584487534626,0.22437673130193905,2.3292194000920063,3,0.063663188739396318
n4q19d43,S_v2,1,0.20335128903388977,-0.22437673130193905,-0.11911357340720222,2.4952323174301938,3,0.049170247625447049
n4q19d43,S_v2,2,0.2059750109910965,-0.11772853185595568,-0.092797783933518008,2.5185619858882631,3,0.050589466824082892
n4q19d43,S_v2,3,0.20527194440364838,-0.090720221606648194,-0.071329639889196675,2.3849310269656234,3,0.05423353501982895
n4q19d43,S_v2,4,0.20344564318656921,-0.070637119113573413,-0.054016620498614956,2.5230758986564936,3,0.048577640870122299
n4q19d43,S_v2,5,0.18195611238479614,-0.051939058171745149,-0,2.4429583408876523,3,0.050071689339570291
n4q19d43,S_2sum,1,0.1996939321688842,-0.43698060941828254,-0.21191135734072022,2.3809824062650526,3,0.059836172842528991
n4q19d43,S_2sum,2,0.20034649426816031,-0.21121883656509696,-0.18005540166204986,2.3878955625759528,3,0.05603397239013086
n4q19d43,S_2sum,3,0.19721027713967487,-0.1793628808864266,-0.15304709141274239,2.4604552093367902,3,0.051210976304933604
n4q19d43,S_2sum,4,0.20162501814775169,-0.1523545706371191,-0.12188365650969529,2.4537659486565966,3,0.048408484531961525
n4q19d43,S_2sum,5,0.20112427827552892,-0.12119113573407202,-0,2.6834506242988376,3,0.037342874886393665
n4q19d43,S_2max,1,0.19750187220051885,-0.22437673130193905,-0.1329639889196676,2.4783370606336717,3,0.052584890509368522
n4q19d43,S_2max,2,0.21421450006891973,-0.13227146814404434,-0.11218836565096953,2.4815305635801064,3,0.054985781834340663
n4q19d43,S_2max,3,0.19248595245881006,-0.11149584487534626,-0.095567867036011084,2.3764205598410557,3,0.054446143907272343
n4q19d43,S_2max,4,0.19653222488705069,-0.094875346260387808,-0.077562326869806089,2.449010252379868,3,0.047733149973744476
n4q19d43,S_2max,5,0.19926545038470067,-0.076869806094182827,-0,2.5782488808515827,3,0.042756010088030122
n4q19d43,S_u1,1,0.22089767456054688,0,0.18421052631578946,2.7537147144765126,3,0.033908528117417798
n4q19d43,S_u1,2,0.16479778289794922,0.19736842105263158,0.22368421052631579,2.4531957502797734,3,0.049707260410427626
n4q19d43,S_u1,3,0.20066070556640625,0.23684210526315788,0.26315789473684209,2.4382670755590494,3,0.049625853749582657
n4q19d43,S_u1,4,0.19038200378417969,0.27631578947368424,0.30263157894736842,2.3666883739495703,3,0.058392930180110547
n4q19d43,S_u1,5,0.22326183319091797,0.31578947368421051,0.47368421052631576,2.334206881121041,3,0.06175931789845629
n4q19d43,S_v1,1,0.2023668959736824,-0.47368421052631576,-0.31578947368421051,2.4879173514760011,3,0.050470398288368808
n4q19d43,S_v1,2,0.19208856672048569,-0.30263157894736842,-0.27631578947368424,2.3575207108093688,3,0.057036445123256264
n4q19d43,S_v1,3,0.20825976878404617,-0.26315789473684209,-0.22368421052631579,2.5268873575230502,3,0.049860963807063452
n4q19d43,S_v1,4,0.19579067081212997,-0.21052631578947367,-0.18421052631578946,2.4036624394601969,3,0.050772209396291935
n4q19d43,S_v1,5,0.20149409770965576,-0.17105263157894737,-0,2.5825095274721401,3,0.044919614367774759
n4q19d43,S_1sum,1,0.19125124113634229,0,0.38157894736842107,2.7912787701359187,3,0.032180396551316139
n4q19d43,S_1sum,2,0.21590031177038327,0.39473684210526316,0.46052631578947367,2.4399477692224267,3,0.049993647676918503
n4q19d43,S_1sum,3,0.18378180137369782,0.47368421052631576,0.51315789473684215,2.4239361334929432,3,0.052489219252207286
n4q19d43,S_1sum,4,0.2072292925149668,0.52631578947368418,0.57894736842105265,2.382897004339835,3,0.056563985470088521
n4q19d43,S_1sum,5,0.20183735320460983,0.59210526315789469,0.93421052631578949,2.3466743960209699,3,0.060587986707344409
n4q19d43,E_u_1_4,1,0.30188941955566406,0,0.25,2.6086960962474448,3,0.044341710730041319
n4q19d43,E_u_1_4,3,0.3611602783203125,0.5,0.5,2.4344037644355145,3,0.051682081677432275
n4q19d43,E_u_1_4,4,0.26470565795898438,0.75,0.75,2.3991347200766646,3,0.05439266371899814
n4q19d43,E_u_1_4,5,0.072244644165039062,1,1,2.3771553932872975,3,0.056689705148614267
n4q19d43,E_v_1_4,1,0.14759666472673416,-1,-1,2.3962186690658607,3,0.056813853789349458
n4q19d43,E_v_1_4,2,0.35525146126747131,-0.75,-0.75,2.4173709690388177,3,0.053638354606785663
n4q19d43,E_v_1_4,4,0.33064471185207367,-0.5,-0.5,2.4860418281578798,3,0.049016716524556934
n4q19d43,E_v_1_4,5,0.16650716215372086,-0.25,-0,2.6371474309825129,3,0.0414253918408935
n4q19d43,E_sum_1_4,1,0.25271603855071589,-2,-1.5,2.3758962214040737,3,0.056511846294702871
n4q19d43,E_sum_1_4,2,0.25935338146518916,-1.25,-1.25,2.3990808770182657,3,0.054771889399894642
n4q19d43,E_sum_1_4,4,0.23992351349443197,-1,-1,2.4291125994106397,3,0.052349143818993388
n4q19d43,E_sum_1_4,5,0.24800706648966298,-0.75,-0,2.6939188972006138,3,0.038300789975220767
n4q19d43,E_u_3_8,2,0.40189170837402344,0,0,2.6218854220222489,3,0.039557625534584161
n4q19d43,E_u_3_8,4,0.40561294555664062,0.25,0.25,2.3891695112255964,3,0.055702491102066244
n4q19d43,E_u_3_8,5,0.19249534606933594,0.5,1,2.3416507797639601,3,0.062618908879731483
n4q19d43,E_v_3_8,1,0.097471341490745544,-1,-0.5,2.9500905632929655,3,0.030946006060383346
n4q19d43,E_v_3_8,2,0.31752198934555054,-0.25,-0.25,2.4856957596102021,3,0.049282231828324467
n4q19d43,E_v_3_8,4,0.58500666916370392,-0,-0,2.3875567543496823,3,0.054496542343567544
n4q19d43,E_sum_3_8,1,0.13502469076775014,-2,-0.75,2.55208095388363,3,0.052383656614658901
n4q19d43,E_sum_3_8,2,0.26501986687071621,-0.5,-0.5,2.4698124936450236,3,0.053732630353701717
n4q19d43,E_sum_3_8,3,0.38304159673862159,-0.25,-0.25,2.4500871818383718,3,0.049976971538185082
n4q19d43,E_sum_3_8,5,0.21691384562291205,-0,-0,2.4706599241323457,3,0.046510729389379384
n4q19d43,B_u_mean,1,0.18247222900390625,-0.5,-0.34210526315789475,2.798173432067649,3,0.031529749038402173
n4q19d43,B_u_mean,2,0.21926403045654297,-0.32894736842105265,-0.28947368421052633,2.4839485937153829,3,0.044852114429942178
n4q19d43,B_u_mean,3,0.21665573120117188,-0.27631578947368424,-0.25,2.4328426884643544,3,0.050599035690741513
n4q19d43,B_u_mean,4,0.19322967529296875,-0.23684210526315788,-0.21052631578947367,2.3893593162217011,3,0.05649611534497908
n4q19d43,B_u_mean,5,0.18837833404541016,-0.19736842105263158,-0.078947368421052627,2.2801720479609067,3,0.06942584839797257
n4q19d43,B_v_mean,1,0.17627091705799103,0.28947368421052633,0.36842105263157893,2.4883294684576573,3,0.049697338975286109
n4q19d43,B_v_mean,2,0.26289372891187668,0.38157894736842107,0.39473684210526316,2.5078722408839731,3,0.049528097066652885
n4q19d43,B_v_mean,3,0.14071713387966156,0.40789473684210525,0.40789473684210525,2.3741933601135723,3,0.055214960587547851
n4q19d43,B_v_mean,4,0.25425286591053009,0.42105263157894735,0.43421052631578949,2.3941086496315176,3,0.052527825182712255
n4q19d43,B_v_mean,5,0.16586535423994064,0.44736842105263158,0.5,2.6095039602335288,3,0.046058557751096026
n4q19d43,B_sum,1,0.19783366197953001,-1,-0.75,2.7644956582565445,3,0.03345919845736707
n4q19d43,B_sum,2,0.21049556735670194,-0.73684210526315785,-0.69736842105263153,2.4795351387762397,3,0.046580643653024077
n4q19d43,B_sum,3,0.19530424554250203,-0.68421052631578949,-0.65789473684210531,2.4312760618251459,3,0.050494100926428864
n4q19d43,B_sum,4,0.17774024975369684,-0.64473684210526316,-0.61842105263157898,2.3885383652770056,3,0.055280777664404743
n4q19d43,B_sum,5,0.21862627536756918,-0.60526315789473684,-0.38157894736842107,2.311385366221367,3,0.066019857043026417
n4q19d43,B_u_low_1_4,1,0.10622024536132812,0,0,3.027835405226091,3,0.02078539149126302
n4q19d43,B_u_low_1_4,2,0.20163726806640625,0.25,0.25,2.4773639527544984,3,0.046070235853293701
n4q19d43,B_u_low_1_4,3,0.3527069091796875,0.5,0.5,2.4276948555449813,3,0.051485610291887203
n4q19d43,B_u_low_1_4,4,0.26699066162109375,0.75,0.75,2.3697365347803245,3,0.059311864280346412
n4q19d43,B_u_low_1_4,5,0.072444915771484375,1,1,2.2560641622349999,2,0.06974998089658424
n4q19d43,B_v_low_1_4,3,1,0,0,2.4735489715239964,3,0.0505453817313537
n4q19d43,B_sum_low_1_4,1,0.10622024536132812,0,0,3.027835405226091,3,0.02078539149126302
n4q19d43,B_sum_low_1_4,2,0.20163726806640625,0.25,0.25,2.4773639527544984,3,0.046070235853293701
n4q19d43,B_sum_low_1_4,3,0.3527069091796875,0.5,0.5,2.4276948555449813,3,0.051485610291887203
n4q19d43,B_sum_low_1_4,4,0.26699066162109375,0.75,0.75,2.3697365347803245,3,0.059311864280346412
n4q19d43,B_sum_low_1_4,5,0.072444915771484375,1,1,2.2560641622349999,2,0.06974998089658424
n4q19d43,B_u_low_3_8,1,0.30647182464599609,0,0.5,2.5900221854176873,3,0.042999054193722984
n4q19d43,B_u_low_3_8,3,0.41193771362304688,0.75,0.75,2.4549890297916179,3,0.050609061107010057
n4q19d43,B_u_low_3_8,5,0.28159046173095703,1,1,2.3739354467982547,3,0.058665347227932943
n4q19d43,B_v_low_3_8,1,0.21136694401502609,0,0,2.4227154848414605,3,0.054480461606880151
n4q19d43,B_v_low_3_8,3,0.39846029877662659,0.25,0.25,2.4506646536682823,3,0.051778728223859281
n4q19d43,B_v_low_3_8,4,0.28603024780750275,0.5,0.5,2.5023637383505819,3,0.048360112856707667
n4q19d43,B_v_low_3_8,5,0.10414250940084457,0.75,1,2.585137563298272,3,0.043841755844869684
n4q19d43,B_sum_low_3_8,1,0.29430413374211639,0,0.75,2.5292060962272629,3,0.04686981992098925
n4q19d43,B_sum_low_3_8,3,0.29932284750975668,1,1,2.4592296194583541,3,0.051280141526205643
n4q19d43,B_sum_low_3_8,4,0.25293103652074933,1.25,1.25,2.4411896776711228,3,0.053013523655640979
n4q19d43,B_sum_low_3_8,5,0.15344198222737759,1.5,2,2.4480713098987112,3,0.052093412732685924
n4q19d43,C_u,1,0.067241430282592773,-1,-0.5,3.019617908664074,3,0.026852925465197089
n4q19d43,C_u,2,0.32304048538208008,-0.375,-0.375,2.4405226835764231,3,0.054665514856798415
n4q19d43,C_u,4,0.60971808433532715,-0.25,-0.25,2.4308249176595957,3,0.050975326074971905
n4q19d43,C_v,1,0.16074564307928085,-1,-0.5,2.9415297537093426,3,0.033698977818974025
n4q19d43,C_v,3,0.4836009293794632,-0.375,-0.375,2.4037750426978612,3,0.051862633541405599
n4q19d43,C_v,5,0.35565342754125595,-0.25,-0.25,2.3569097611524312,3,0.056368359019153561
n4q19d43,C_sum,1,0.16275965794920921,-2,-0.875,2.9139822439982499,3,0.033003289349153843
n4q19d43,C_sum,2,0.18830144399544224,-0.75,-0.75,2.4074069246198873,3,0.055029467402364023
n4q19d43,C_sum,3,0.41567075392231345,-0.625,-0.625,2.3787693859838059,3,0.054207837954741094
n4q19d43,C_sum,5,0.23326814413303509,-0.5,-0.5,2.3885265432268179,3,0.052639149018876293
n4q19d43,S_C,1,0.1993565266020596,-0.27451083343777494,-0.10307786568464589,2.4233181052400745,3,0.050514717158360117
n4q19d43,S_C,2,0.20074213430052623,-0.10300971411190576,-0.075377034659715125,2.3928320285656337,3,0.053466481229674255
n4q19d43,S_C,3,0.19955755828414112,-0.075308883086975004,-0.05113880751290073,2.3666192259772445,3,0.055805101187792493
n4q19d43,S_C,4,0.20005407920689322,-0.051070655940160609,-0.023057640313788264,2.3892893466418448,3,0.055427457789980539
n4q19d43,S_C,5,0.20028970160637982,-0.022989488741048142,0.0621905666606139,2.7951444530540881,3,0.037531379779965165
