dataset,statistic,public_or_diagnostic,E0_orientation,auc,auc_ci_low,auc_ci_high,auc_minus_baseline,auc_minus_baseline_ci_low,auc_minus_baseline_ci_high,auc_retained_fraction,margin_rank_correlation,margin_corr_ci_low,margin_corr_ci_high,degenerate_on_e0
e0,T_marg,public,1,0.71221603354155616,0.71221603354155616,0.71221603354155616,0,0,0,1,-0.39096410452617986,-0.39096410452617986,-0.39096410452617986,False
e0,S_u2,public,1,0.59962027147716102,0.59962027147716102,0.59962027147716102,-0.11259576206439514,-0.11259576206439514,-0.11259576206439514,0.46942858093544271,-0.36207275012064843,-0.36207275012064843,-0.36207275012064843,False
e0,S_v2,public,-1,0.54750323928169642,0.54750323928169642,0.54750323928169642,-0.16471279425985974,-0.16471279425985974,-0.16471279425985974,0.22384378074050815,0.085995745446873093,0.085995745446873093,0.085995745446873093,False
e0,S_2sum,public,-1,0.51668938679731879,0.51668938679731879,0.51668938679731879,-0.19552664674423736,-0.19552664674423736,-0.19552664674423736,0.078643382965927863,0.18855634659264844,0.18855634659264844,0.18855634659264844,False
e0,S_2max,public,-1,0.53272222164725069,0.53272222164725069,0.53272222164725069,-0.17949381189430547,-0.17949381189430547,-0.17949381189430547,0.15419297543718827,0.11432595431550835,0.11432595431550835,0.11432595431550835,False
e0,S_u1,public,1,0.60063573373269319,0.60063573373269319,0.60063573373269319,-0.11158029980886297,-0.11158029980886297,-0.11158029980886297,0.47421362115406185,-0.36648559346127846,-0.36648559346127846,-0.36648559346127846,False
e0,S_v1,public,-1,0.52645868423353048,0.52645868423353048,0.52645868423353048,-0.18575734930802568,-0.18575734930802568,-0.18575734930802568,0.12467806410277356,0.14000326329478724,0.14000326329478724,0.14000326329478724,False
e0,S_1sum,public,1,0.54448946246509855,0.54448946246509855,0.54448946246509855,-0.16772657107645761,-0.16772657107645761,-0.16772657107645761,0.20964232401594962,-0.32468438492846385,-0.32468438492846385,-0.32468438492846385,False
e0,E_u_1_4,public,1,0.52617860675637351,0.52617860675637351,0.52617860675637351,-0.18603742678518265,-0.18603742678518265,-0.18603742678518265,0.12335828881302324,-0.27882682522228963,-0.27882682522228963,-0.27882682522228963,False
e0,E_v_1_4,public,-1,0.6047480800039079,0.6047480800039079,0.6047480800039079,-0.10746795353764826,-0.10746795353764826,-0.10746795353764826,0.49359173412029739,-0.098585191714478645,-0.098585191714478645,-0.098585191714478645,False
e0,E_sum_1_4,public,-1,0.56706081671024355,0.56706081671024355,0.56706081671024355,-0.14515521683131261,-0.14515521683131261,-0.14515521683131261,0.31600259222219279,0.110803490048564,0.110803490048564,0.110803490048564,False
e0,E_u_3_8,public,1,0.52660491240232266,0.52660491240232266,0.52660491240232266,-0.1856111211392335,-0.1856111211392335,-0.1856111211392335,0.12536711745256929,-0.074017317311602784,-0.074017317311602784,-0.074017317311602784,False
e0,E_v_3_8,public,-1,0.6047480800039079,0.6047480800039079,0.6047480800039079,-0.10746795353764826,-0.10746795353764826,-0.10746795353764826,0.49359173412029739,-0.098585191714478645,-0.098585191714478645,-0.098585191714478645,False
e0,E_sum_3_8,public,-1,0.57463017135354943,0.57463017135354943,0.57463017135354943,-0.13758586218800672,-0.13758586218800672,-0.13758586218800672,0.35167074847309004,-0.055231700022274711,-0.055231700022274711,-0.055231700022274711,False
e0,B_u_mean,public,-1,0.60063573373269319,0.60063573373269319,0.60063573373269319,-0.11158029980886297,-0.11158029980886297,-0.11158029980886297,0.47421362115406185,-0.36648559346127846,-0.36648559346127846,-0.36648559346127846,False
e0,B_v_mean,public,1,0.52645868423353048,0.52645868423353048,0.52645868423353048,-0.18575734930802568,-0.18575734930802568,-0.18575734930802568,0.12467806410277356,0.14000326329478724,0.14000326329478724,0.14000326329478724,False
e0,B_sum,public,-1,0.57599826098697238,0.57599826098697238,0.57599826098697238,-0.13621777255458378,-0.13621777255458378,-0.13621777255458378,0.35811743212178354,-0.37863040058025726,-0.37863040058025726,-0.37863040058025726,False
e0,B_u_low_1_4,public,1,0.5,0.5,0.5,-0.21221603354155616,-0.21221603354155616,-0.21221603354155616,0,NA,NA,NA,True
e0,B_v_low_1_4,public,1,0.5,0.5,0.5,-0.21221603354155616,-0.21221603354155616,-0.21221603354155616,0,NA,NA,NA,True
e0,B_sum_low_1_4,public,1,0.5,0.5,0.5,-0.21221603354155616,-0.21221603354155616,-0.21221603354155616,0,NA,NA,NA,True
e0,B_u_low_3_8,public,1,0.52617860675637351,0.52617860675637351,0.52617860675637351,-0.18603742678518265,-0.18603742678518265,-0.18603742678518265,0.12335828881302324,-0.27882682522228963,-0.27882682522228963,-0.27882682522228963,False
e0,B_v_low_3_8,public,1,0.5,0.5,0.5,-0.21221603354155616,-0.21221603354155616,-0.21221603354155616,0,NA,NA,NA,True
e0,B_sum_low_3_8,public,1,0.52617860675637351,0.52617860675637351,0.52617860675637351,-0.18603742678518265,-0.18603742678518265,-0.18603742678518265,0.12335828881302324,-0.27882682522228963,-0.27882682522228963,-0.27882682522228963,False
e0,C_u,public,-1,0.59771241572036959,0.59771241572036959,0.59771241572036959,-0.11450361782118657,-0.11450361782118657,-0.11450361782118657,0.46043842253434419,-0.42483612982832603,-0.42483612982832603,-0.42483612982832603,False
e0,C_v,public,-1,0.58004936765382287,0.58004936765382287,0.58004936765382287,-0.13216666588773329,-0.13216666588773329,-0.13216666588773329,0.37720697309210427,-0.31523670072029097,-0.31523670072029097,-0.31523670072029097,False
e0,C_sum,public,-1,0.62754496112032299,0.62754496112032299,0.62754496112032299,-0.084671072421233173,-0.084671072421233173,-0.084671072421233173,0.60101472538052658,-0.47475142350356331,-0.47475142350356331,-0.47475142350356331,False
e0,S_C,public-secondary,1,0.66229957804825257,0.66229957804825257,0.66229957804825257,-0.049916455493303591,-0.049916455493303591,-0.049916455493303591,0.76478471178508312,-0.19073418168305248,-0.19073418168305248,-0.19073418168305248,False
e1a,T_marg,public,1,0.59941773570050161,0.59941773570050161,0.59941773570050161,0,0,0,1,-0.26968939630219119,-0.26968939630219119,-0.26968939630219119,False
e1a,S_u2,public,1,0.62242806786142224,0.62242806786142224,0.62242806786142224,0.023010332160920632,0.023010332160920632,0.023010332160920632,1.2314509780250862,-0.39375235166835348,-0.39375235166835348,-0.39375235166835348,False
e1a,S_v2,public,-1,0.54798163780651987,0.54798163780651987,0.54798163780651987,-0.051436097893981736,-0.051436097893981736,-0.051436097893981736,0.48262654010815276,-0.09855333189918293,-0.09855333189918293,-0.09855333189918293,False
e1a,S_2sum,public,-1,0.48170174194898024,0.48170174194898024,0.48170174194898024,-0.11771599375152136,-0.11771599375152136,-0.11771599375152136,-0.18405426277403572,0.087148959254321812,0.087148959254321812,0.087148959254321812,False
e1a,S_2max,public,-1,0.51299478732332693,0.51299478732332693,0.51299478732332693,-0.08642294837717468,-0.08642294837717468,-0.08642294837717468,0.13070894475482772,-0.035805261793682416,-0.035805261793682416,-0.035805261793682416,False
e1a,S_u1,public,1,0.6196775098049121,0.6196775098049121,0.6196775098049121,0.020259774104410488,0.020259774104410488,0.020259774104410488,1.2037843042960017,-0.39436459830411147,-0.39436459830411147,-0.39436459830411147,False
e1a,S_v1,public,-1,0.49101474616343643,0.49101474616343643,0.49101474616343643,-0.10840298953706518,-0.10840298953706518,-0.10840298953706518,-0.090378781746064576,0.092364907025247925,0.092364907025247925,0.092364907025247925,False
e1a,S_1sum,public,1,0.57947448542775104,0.57947448542775104,0.57947448542775104,-0.019943250272750568,-0.019943250272750568,-0.019943250272750568,0.79939947201342321,-0.29559036840792502,-0.29559036840792502,-0.29559036840792502,False
e1a,E_u_1_4,public,1,0.62339432461177269,0.62339432461177269,0.62339432461177269,0.023976588911271079,0.023976588911271079,0.023976588911271079,1.2411701367198822,-0.33266682466417152,-0.33266682466417152,-0.33266682466417152,False
e1a,E_v_1_4,public,-1,0.43222841782367927,0.43222841782367927,0.43222841782367927,-0.16718931787682234,-0.16718931787682234,-0.16718931787682234,-0.68168503032984273,0.29035575338187319,0.29035575338187319,0.29035575338187319,False
e1a,E_sum_1_4,public,-1,0.36782817503862014,0.36782817503862014,0.36782817503862014,-0.23158956066188147,-0.23158956066188147,-0.23158956066188147,-1.3294592160049867,0.40511865923225715,0.40511865923225715,0.40511865923225715,False
e1a,E_u_3_8,public,1,0.5450917612330558,0.5450917612330558,0.5450917612330558,-0.054325974467445803,-0.054325974467445803,-0.054325974467445803,0.45355852167963123,-0.10061550278574753,-0.10061550278574753,-0.10061550278574753,False
e1a,E_v_3_8,public,-1,0.59979783371374151,0.59979783371374151,0.59979783371374151,0.00038009801323990455,0.00038009801323990455,0.00038009801323990455,1.0038232415027533,-0.30427581051000463,-0.30427581051000463,-0.30427581051000463,False
e1a,E_sum_3_8,public,-1,0.55492069893964624,0.55492069893964624,0.55492069893964624,-0.044497036760855369,-0.044497036760855369,-0.044497036760855369,0.55242355453654879,-0.23307499361497511,-0.23307499361497511,-0.23307499361497511,False
e1a,B_u_mean,public,-1,0.62283270812084079,0.62283270812084079,0.62283270812084079,0.023414972420339186,0.023414972420339186,0.023414972420339186,1.2355210793663354,-0.40705412938040791,-0.40705412938040791,-0.40705412938040791,False
e1a,B_v_mean,public,1,0.51949819198497815,0.51949819198497815,0.51949819198497815,-0.079919543715523456,-0.079919543715523456,-0.079919543715523456,0.1961238791810441,-0.0031857605323545239,-0.0031857605323545239,-0.0031857605323545239,False
e1a,B_sum,public,-1,0.59905548188515356,0.59905548188515356,0.59905548188515356,-0.0003622538153480459,-0.0003622538153480459,-0.0003622538153480459,0.99635624556528479,-0.35300227032770859,-0.35300227032770859,-0.35300227032770859,False
e1a,B_u_low_1_4,public,1,0.5,0.5,0.5,-0.099417735700501608,-0.099417735700501608,-0.099417735700501608,0,NA,NA,NA,True
e1a,B_v_low_1_4,public,1,0.5,0.5,0.5,-0.099417735700501608,-0.099417735700501608,-0.099417735700501608,0,NA,NA,NA,True
e1a,B_sum_low_1_4,public,1,0.5,0.5,0.5,-0.099417735700501608,-0.099417735700501608,-0.099417735700501608,0,NA,NA,NA,True
e1a,B_u_low_3_8,public,1,0.54882385843967552,0.54882385843967552,0.54882385843967552,-0.050593877260826092,-0.050593877260826092,-0.050593877260826092,0.49109807315224518,-0.30099185653603272,-0.30099185653603272,-0.30099185653603272,False
e1a,B_v_low_3_8,public,1,0.5,0.5,0.5,-0.099417735700501608,-0.099417735700501608,-0.099417735700501608,0,NA,NA,NA,True
e1a,B_sum_low_3_8,public,1,0.54882385843967552,0.54882385843967552,0.54882385843967552,-0.050593877260826092,-0.050593877260826092,-0.050593877260826092,0.49109807315224518,-0.30099185653603272,-0.30099185653603272,-0.30099185653603272,False
e1a,C_u,public,-1,0.59253489371455559,0.59253489371455559,0.59253489371455559,-0.0068828419859460199,-0.0068828419859460199,-0.0068828419859460199,0.93076846965534654,-0.45525908798896353,-0.45525908798896353,-0.45525908798896353,False
e1a,C_v,public,-1,0.55447627520408216,0.55447627520408216,0.55447627520408216,-0.04494146049641945,-0.04494146049641945,-0.04494146049641945,0.54795328841720237,-0.20500818753237585,-0.20500818753237585,-0.20500818753237585,False
e1a,C_sum,public,-1,0.60402965959602017,0.60402965959602017,0.60402965959602017,0.004611923895518566,0.004611923895518566,0.004611923895518566,1.0463893475648258,-0.43164957890186478,-0.43164957890186478,-0.43164957890186478,False
e1a,S_C,public-secondary,1,0.30585714989440299,0.30585714989440299,0.30585714989440299,-0.29356058580609862,-0.29356058580609862,-0.29356058580609862,-1.9527989521955837,0.51735976013335849,0.51735976013335849,0.51735976013335849,False
n4q29d43,T_marg,public,1,0.55644376869023504,0.53753325041216538,0.57661086793705374,0,0,0,1,-0.087733447831491326,-0.12233909388297706,-0.056372628580319273,False
n4q29d43,S_u2,public,1,0.54956806455674645,0.51768693226048523,0.58212457413138696,-0.0068757041334885916,-0.045836728325636233,0.031516082704253212,0.87818488571833953,-0.06329549650157916,-0.08914946722455698,-0.038212735703835932,False
n4q29d43,S_v2,public,-1,0.52455577078394156,0.51334963006769585,0.53628678674541341,-0.031887997906293486,-0.043527136335548167,-0.020677561691701651,0.43504839158958897,-0.026564911036185874,-0.046215583472264753,-0.0077253994982754235,False
n4q29d43,S_2sum,public,-1,0.48575854016358078,0.46062929745767267,0.51042647082142967,-0.070685228526654265,-0.097532437004677397,-0.045336988633556952,-0.25231234849991585,0.02348244268808149,0.0037544396490210292,0.043242667509308802,False
n4q29d43,S_2max,public,-1,0.50497029194955678,0.48003864209569352,0.52994697914019773,-0.051473476740678259,-0.077068352377154481,-0.027327335283386156,0.088057407662374243,0.0055139490333152271,-0.017734192089917854,0.028973181568353115,False
n4q29d43,S_u1,public,1,0.5534775663923811,0.52210607122854613,0.5852698907874333,-0.0029662022978539371,-0.041195635204045011,0.033656759645099621,0.94744854274113877,-0.064664261458647829,-0.089868996839682538,-0.040544458574783449,False
n4q29d43,S_v1,public,-1,0.49998268782248811,0.49444088256571345,0.50508128194439628,-0.056461080867746927,-0.076892434123652986,-0.037187408579211878,-0.00030671547831781639,0.013695463690021942,0.00851614378942947,0.019092395984420172,False
n4q29d43,S_1sum,public,1,0.5363191774598064,0.51474859830112307,0.55831865743183551,-0.020124591230428646,-0.050225783080711794,0.0092518781153627661,0.64345769785726115,-0.052632096819653182,-0.070091809362546567,-0.035597978844990413,False
n4q29d43,E_u_1_4,public,1,0.53782060448696856,0.50704946815360874,0.56717717580854154,-0.018623164203266485,-0.057696191840470812,0.019415505300196756,0.67005810144480393,-0.045149518679612956,-0.070109263951129888,-0.020762933701328794,False
n4q29d43,E_v_1_4,public,-1,0.52894655503815013,0.51482592976317731,0.5436910133394901,-0.027497213652084906,-0.040989262628449596,-0.014604425885722194,0.51283880771692669,-0.034731860173166415,-0.053972189194855358,-0.015777198990361535,False
n4q29d43,E_sum_1_4,public,-1,0.49317974859473812,0.46812804444543604,0.51930930601006486,-0.06326402009549692,-0.087993355799520279,-0.039263270262351213,-0.12083267229535304,0.0091640830499615678,-0.011070550622859889,0.029459360708523008,False
n4q29d43,E_u_3_8,public,1,0.55010816544855801,0.52134060276604521,0.57898518838164736,-0.0063356032416770347,-0.042579033102023822,0.028924876936272992,0.88775371686382243,-0.064463284316940359,-0.091099290321428175,-0.038353880385933799,False
n4q29d43,E_v_3_8,public,-1,0.52894655503815013,0.51482592976317731,0.5436910133394901,-0.027497213652084906,-0.040989262628449596,-0.014604425885722194,0.51283880771692669,-0.034731860173166415,-0.053972189194855358,-0.015777198990361535,False
n4q29d43,E_sum_3_8,public,-1,0.48688529274943138,0.4628937480900428,0.51112094136846875,-0.069558475940803666,-0.095097102236953557,-0.045799494423027443,-0.23234995739817621,0.019790232378152611,-0.00025678977821416471,0.040465813945156262,False
n4q29d43,B_u_mean,public,-1,0.51955985357097567,0.47416686758681892,0.56344568735899891,-0.036883915119259369,-0.080263444668060846,0.0052086628112707478,0.34653698760479101,-0.059063934000104672,-0.085278014644395633,-0.034635995512940707,False
n4q29d43,B_v_mean,public,1,0.4739655751592699,0.46654174807477594,0.48036263606558555,-0.082478193530965138,-0.10230087588358344,-0.064228089113631759,-0.46124533221032316,0.051588675519034399,0.04607821180298096,0.057418849755080763,False
n4q29d43,B_sum,public,-1,0.53143959587490164,0.49060134713331011,0.57073915630059402,-0.025004172815333403,-0.064416323591810876,0.013860062171971665,0.55700738282454187,-0.076115963555855967,-0.099396729235011111,-0.054155146047462258,False
n4q29d43,B_u_low_1_4,public,1,0.49463824530027373,0.4725093118541922,0.51848745118670747,-0.061805523389961314,-0.090676115550959724,-0.032130870181208304,-0.09499285437780973,-0.022388470624293555,-0.043601775613575512,-0.0012817130579512196,True
n4q29d43,B_v_low_1_4,public,1,0.5,0.5,0.5,-0.056443768690235041,-0.076610867937053739,-0.037533250412165375,0,NA,NA,NA,True
n4q29d43,B_sum_low_1_4,public,1,0.49463824530027373,0.4725093118541922,0.51848745118670747,-0.061805523389961314,-0.090676115550959724,-0.032130870181208304,-0.09499285437780973,-0.022388470624293555,-0.043601775613575512,-0.0012817130579512196,True
n4q29d43,B_u_low_3_8,public,1,0.52682989399785607,0.48750767886358953,0.56327404538943093,-0.029613874692378972,-0.066086136090503345,0.0055192697448870343,0.47533845844169736,-0.056551667699542577,-0.081463148601170057,-0.033682474208460503,False
n4q29d43,B_v_low_3_8,public,1,0.464855068235974,0.44323541995889665,0.48516240873931277,-0.091588700454261041,-0.13192302489100577,-0.053567780488553152,-0.62265388331708238,0.052576732172000568,0.017292514122735574,0.09089781725388503,True
n4q29d43,B_sum_low_3_8,public,1,0.50390243708999316,0.47004487783848636,0.53629623162999451,-0.052541331600241881,-0.092316133197524686,-0.014120731546812704,0.069138492707845972,-0.014016834721433074,-0.041831532124550812,0.015223212884124109,False
n4q29d43,C_u,public,-1,0.50928258589489617,0.49045052837520148,0.52712629140137857,-0.047161182795338874,-0.074261782827283351,-0.022058795038472967,0.16445723080326644,-0.031477413138653314,-0.05161951787431255,-0.013605202107585689,False
n4q29d43,C_v,public,-1,0.54409629537107762,0.52692682385284906,0.56253826932452344,-0.01234747331915742,-0.031249102114791705,0.0059320316983493271,0.78124293246752008,-0.10022996471221071,-0.15272314135420664,-0.052821441457296364,False
n4q29d43,C_sum,public,-1,0.53419146212946855,0.51465932995889607,0.55421734238040854,-0.022252306560766488,-0.044582733414946674,-0.0011373461416958053,0.60576150251611016,-0.087591240874572429,-0.13723794928530081,-0.04229988031553767,False
n4q29d43,S_C,public-secondary,1,0.51051345417612592,0.48232198374492208,0.53924158681457823,-0.045930314514109116,-0.073405453181170421,-0.019717122931004583,0.18626421339482221,-0.025226780153906801,-0.047821617920812014,-0.0026250684899130098,False
n4q19d43,T_marg,public,1,0.53328390789802382,0.52600289888545115,0.54125214164686475,0,0,0,1,-0.094374639424644621,-0.10996523131776224,-0.080299153893636566,False
n4q19d43,S_u2,public,1,0.5638536007459467,0.5483457567042902,0.58034527731600682,0.03056969284792288,0.014894085846827942,0.046820852878253882,1.9184526330737115,-0.12148222960694492,-0.1444203439579978,-0.10116753669811113,False
n4q19d43,S_v2,public,-1,0.50283806062562786,0.49836111523455823,0.50728192587303611,-0.030445847272395965,-0.036048629595395343,-0.025049990576735182,0.08526825138211501,-0.019849970993836733,-0.026473459907248767,-0.01358906052522491,False
n4q19d43,S_2sum,public,-1,0.45400685687958042,0.44239402751363627,0.46510006727429665,-0.079277051018443401,-0.093562371572939174,-0.065727570582054862,-1.3818432397221705,0.076759112946976529,0.063344754999505704,0.091358655915935769,False
n4q19d43,S_2max,public,-1,0.47530250693104559,0.4636976932705682,0.48662757499545006,-0.057981400966978236,-0.07145887340922108,-0.044957518887851156,-0.74202503938609876,0.02395161944756849,0.010932682317296161,0.036968869245964639,False
n4q19d43,S_u1,public,1,0.56188157400580452,0.54557383299664708,0.57877040301279847,0.028597666107780695,0.012634956604867797,0.044923283093275201,1.8592039791541015,-0.12282066273830949,-0.14552435321781879,-0.10269732476870692,False
n4q19d43,S_v1,public,-1,0.48470406560210749,0.47997387736534458,0.4894066087067534,-0.048579842295916331,-0.058628634245360689,-0.03937211715639094,-0.45955944971235418,0.030321687498080695,0.020877423975454491,0.040479149612591719,False
n4q19d43,S_1sum,public,1,0.55584338773088626,0.54482174550360063,0.56769409835522233,0.022559479832862439,0.011508308708090054,0.034072723845190112,1.6777893960643326,-0.11158904466766026,-0.12917579285202699,-0.096066557781378584,False
n4q19d43,E_u_1_4,public,1,0.53122200756407001,0.51519277214634462,0.54795895759810154,-0.0020619003339538144,-0.018157152328478365,0.014681883967283538,0.93805113449204569,-0.089020919256056527,-0.11220149326823285,-0.068302532106180855,False
n4q19d43,E_v_1_4,public,-1,0.4725288342018773,0.46300360322933759,0.48153362181154685,-0.060755073696146522,-0.074891929986705297,-0.047775418801618563,-0.82535878546141972,0.059606679257536876,0.040703065035687387,0.07965290892814185,False
n4q19d43,E_sum_1_4,public,-1,0.45932474934044543,0.44493667165924822,0.47308977470233066,-0.073959158557578397,-0.092512875837512998,-0.05634074614555018,-1.2220695593851707,0.098899983090985188,0.077120313908711102,0.12260365717385155,False
n4q19d43,E_u_3_8,public,1,0.55119377503387124,0.53770386995410402,0.56481904416362194,0.017909867135847413,0.0032518296963655047,0.032428808442052759,1.5380938798028214,-0.091580742404926835,-0.1118352506968846,-0.071900514206654192,False
n4q19d43,E_v_3_8,public,-1,0.53029756176752396,0.51997811055782062,0.54155450281093642,-0.0029863461304998618,-0.0099078308211193455,0.0040210832125496809,0.91027657750858126,-0.10500539100872594,-0.13388230834035217,-0.07839301111406885,False
n4q19d43,E_sum_3_8,public,-1,0.48637924754360934,0.47356504935930516,0.499650547729594,-0.046904660354414485,-0.059375397986555667,-0.034084617696714448,-0.40922936387524889,-0.019551185285212682,-0.042056011146497943,0.0010259194911567252,False
n4q19d43,B_u_mean,public,-1,0.57491272945311733,0.55887767765973151,0.59031603997219084,0.041628821555093509,0.024768802358682063,0.057709727244329323,2.2507191668309221,-0.12751395980336291,-0.148694861484545,-0.10869980869561674,False
n4q19d43,B_v_mean,public,1,0.49734463510209875,0.49308103070363246,0.50129823289060604,-0.03593927279592507,-0.046741671024526754,-0.026227648104341417,-0.079779240647968042,0.0089709994492912452,0.0025464984620221696,0.015666839640535099,False
n4q19d43,B_sum,public,-1,0.56790017524182168,0.55344937128736293,0.58188021974494986,0.034616267343797857,0.019389570864863148,0.049001552719317831,2.0400301385839712,-0.12000017699457899,-0.13869599266076921,-0.10330251124801652,False
n4q19d43,B_u_low_1_4,public,1,0.56262271618849868,0.54809675825827109,0.57646335808438065,0.02933880829047486,0.013825973669239544,0.04414810328732488,1.8814712617389739,-0.11817854385011481,-0.13787341163484426,-0.1002204604838077,True
n4q19d43,B_v_low_1_4,public,1,0.5,0.5,0.5,-0.033283907898023823,-0.041252141646864748,-0.026002898885451153,0,NA,NA,NA,True
n4q19d43,B_sum_low_1_4,public,1,0.56262271618849868,0.54809675825827109,0.57646335808438065,0.02933880829047486,0.013825973669239544,0.04414810328732488,1.8814712617389739,-0.11817854385011481,-0.13787341163484426,-0.1002204604838077,True
n4q19d43,B_u_low_3_8,public,1,0.53565104410920705,0.52220658083849381,0.54857742227492901,0.0023671362111832295,-0.013106656063465616,0.016871098661926154,1.0711195397618491,-0.07320496124805409,-0.091163351366739337,-0.056897981588834863,False
n4q19d43,B_v_low_3_8,public,1,0.48238919669284364,0.47579904240294491,0.48873616576042128,-0.050894711205180188,-0.062025709584263067,-0.040521824040198828,-0.52910864196334273,0.035329906986821029,0.023334207000014411,0.047236371440652673,True
n4q19d43,B_sum_low_3_8,public,1,0.51329007358193168,0.50238612353588263,0.52349285141054702,-0.019993834316092141,-0.033587677400004123,-0.0072527890090101632,0.39929426624572406,-0.028713548827803925,-0.043636988090631955,-0.013975409612659062,False
n4q19d43,C_u,public,-1,0.50915753775337147,0.49973805424860024,0.51869968556076251,-0.024126370144652354,-0.034887928564559911,-0.013441052602430559,0.27513409126802635,-0.068758546917233473,-0.082924216731162362,-0.05589757984260163,False
n4q19d43,C_v,public,-1,0.53667489757325648,0.5265251123654171,0.5479956699641847,0.0033909896752326585,-0.0047969574944504156,0.011930645124580641,1.1018807552773571,-0.12792524331393312,-0.16266642691243607,-0.097132360445760443,False
n4q19d43,C_sum,public,-1,0.52835579438414093,0.51686744060189205,0.5406843311936208,-0.0049281135138828924,-0.014480994731093988,0.0050349382455651126,0.85193705231423589,-0.116324897680784,-0.14873846378761005,-0.087548336500060608,False
n4q19d43,S_C,public-secondary,1,0.47800704664138061,0.45822724359432138,0.49667904418178832,-0.055276861256643217,-0.079643051473747561,-0.032215524236870352,-0.66076836367898939,0.095295213320920766,0.061627689670794086,0.13155376938320057,False
